university,messages,views,comments,forwards,date
–ú–ì–£,–ß–µ–º —è—â–µ—Ä–∏—Ü—ã –æ—Ç–ª–∏—á–∞—é—Ç—Å—è –æ—Ç –∑–º–µ–π? –°–º–æ—Ç—Ä–∏—Ç–µ –≤ –∫–ª–∏–ø–µ!,4891.0,0,18.0,2025-03-16 15:21:00+00:00
–ú–ì–£,,4603.0,0,15.0,2025-03-16 12:34:27+00:00
–ú–ì–£,,4839.0,0,16.0,2025-03-16 12:34:27+00:00
–ú–ì–£,,4672.0,0,15.0,2025-03-16 12:34:27+00:00
–ú–ì–£,,4471.0,0,15.0,2025-03-16 12:34:27+00:00
–ú–ì–£,,4476.0,0,15.0,2025-03-16 12:34:27+00:00
–ú–ì–£,,4503.0,0,15.0,2025-03-16 12:34:27+00:00
–ú–ì–£,,4395.0,0,15.0,2025-03-16 12:34:27+00:00
–ú–ì–£,,4306.0,0,15.0,2025-03-16 12:34:27+00:00
–ú–ì–£,"–ü–æ—Å—Ç—É–ø–ª–µ–Ω–∏–µ –≤ —Ñ–∏–ª–∏–∞–ª –ú–ì–£ –≤ –¢–∞—à–∫–µ–Ω—Ç–µ
#–ø–æ—Å—Ç—É–ø–∞–π–ø—Ä–∞–≤–∏–ª—å–Ω–æ #—Ñ–∏–ª–∏–∞–ª—ã_–º–≥—É

–†–∞—Å—Å–∫–∞–∑—ã–≤–∞–µ–º –æ–± –∏—Å—Ç–æ—Ä–∏–∏ —Ñ–∏–ª–∏–∞–ª–∞, –µ–≥–æ –Ω–∞–ø—Ä–∞–≤–ª–µ–Ω–∏—è—Ö –ø–æ–¥–≥–æ—Ç–æ–≤–∫–∏, –æ–±—Ä–∞–∑–æ–≤–∞—Ç–µ–ª—å–Ω—ã—Ö –ø—Ä–æ—Ü–µ—Å—Å–∞—Ö –∏ –æ —Ç—Ä–∞–µ–∫—Ç–æ—Ä–∏–∏ –ø–æ—Å—Ç—É–ø–ª–µ–Ω–∏—è. –ß–∏—Ç–∞–π—Ç–µ –≤ –∫–∞—Ä—Ç–æ—á–∫–∞—Ö! 

–ë–æ–ª—å—à–µ —É–∑–Ω–∞—Ç—å –æ —Ñ–∏–ª–∏–∞–ª–µ –ú–ì–£ –≤ –¢–∞—à–∫–µ–Ω—Ç–µ –º–æ–∂–Ω–æ –Ω–∞ —Å–∞–π—Ç–µ.",4385.0,0,15.0,2025-03-16 12:34:27+00:00
–ú–ì–£,"–ë–∏–æ–ª–æ–≥–∏ –ú–ì–£ –≤–æ –≤—Ä–µ–º–µ–Ω–∞ –í–µ–ª–∏–∫–æ–π –û—Ç–µ—á–µ—Å—Ç–≤–µ–Ω–Ω–æ–π –≤–æ–π–Ω—ã

–í –ø—Ä–µ–¥–¥–≤–µ—Ä–∏–∏ 80-–ª–µ—Ç–∏—è –ü–æ–±–µ–¥—ã –≤ –í–µ–ª–∏–∫–æ–π –û—Ç–µ—á–µ—Å—Ç–≤–µ–Ω–Ω–æ–π –≤–æ–π–Ω–µ –º—ã –ø—Ä–æ–¥–æ–ª–∂–∞–µ–º —Ä—É–±—Ä–∏–∫—É #–ù–∞—É–∫–∞–§—Ä–æ–Ω—Ç—É, –ø–æ—Å–≤—è—â–µ–Ω–Ω—É—é –≤–∫–ª–∞–¥—É –ú–æ—Å–∫–æ–≤—Å–∫–æ–≥–æ —É–Ω–∏–≤–µ—Ä—Å–∏—Ç–µ—Ç–∞ –≤ –æ–±—â—É—é –ø–æ–±–µ–¥—É. –°–µ–≥–æ–¥–Ω—è —Ä–∞—Å—Å–∫–∞–∂–µ–º –æ –ø–æ–¥–≤–∏–≥–µ –±–∏–æ–ª–æ–≥–æ–≤ –ú–ì–£ –≤ –≤–æ–µ–Ω–Ω—ã–µ –≥–æ–¥—ã.

–° –ø–µ—Ä–≤—ã—Ö –¥–Ω–µ–π –≤–æ–π–Ω—ã —Å—Ç—É–¥–µ–Ω—Ç—ã, –∞—Å–ø–∏—Ä–∞–Ω—Ç—ã –∏ —Å–æ—Ç—Ä—É–¥–Ω–∏–∫–∏ –±–∏–æ–ª–æ–≥–∏—á–µ—Å–∫–æ–≥–æ —Ñ–∞–∫—É–ª—å—Ç–µ—Ç–∞ –≤–∫–ª—é—á–∏–ª–∏—Å—å –≤ —Ä–∞–±–æ—Ç—É –Ω–∞ —Ñ—Ä–æ–Ω—Ç–µ –∏ –≤ —Ç—ã–ª—É. –ú–Ω–æ–≥–∏–µ –±–∏–æ–ª–æ–≥–∏, –≤–∫–ª—é—á–∞—è –ø—Ä–æ—Ñ–µ—Å—Å–æ—Ä–æ–≤, –≤—Å—Ç—É–ø–∏–ª–∏ –≤ 8-—é —Å—Ç—Ä–µ–ª–∫–æ–≤—É—é –¥–∏–≤–∏–∑–∏—é –Ω–∞—Ä–æ–¥–Ω–æ–≥–æ –æ–ø–æ–ª—á–µ–Ω–∏—è –ö—Ä–∞—Å–Ω–æ–π –ü—Ä–µ—Å–Ω–∏, –∫–æ—Ç–æ—Ä–∞—è –≥–µ—Ä–æ–∏—á–µ—Å–∫–∏ —Å—Ä–∞–∂–∞–ª–∞—Å—å –ø–æ–¥ –ú–æ—Å–∫–≤–æ–π. –ü–æ—á—Ç–∏ –≤—Å–µ –µ–µ –±–æ–π—Ü—ã –ø–æ–≥–∏–±–ª–∏. –°—Ç—É–¥–µ–Ω—Ç—ã –º–ª–∞–¥—à–∏—Ö –∫—É—Ä—Å–æ–≤, –æ—Å—Ç–∞–≤—à–∏–µ—Å—è –≤ –ú–æ—Å–∫–≤–µ, —Ä–∞–±–æ—Ç–∞–ª–∏ –≤ —Å–æ–≤—Ö–æ–∑–∞—Ö, —Å—Ç—Ä–æ–∏–ª–∏ –æ–±–æ—Ä–æ–Ω–∏—Ç–µ–ª—å–Ω—ã–µ —É–∫—Ä–µ–ø–ª–µ–Ω–∏—è, –¥–µ–∂—É—Ä–∏–ª–∏ –≤ –ü–í–û –∏ –ø–æ–º–æ–≥–∞–ª–∏ –≥–æ—Å–ø–∏—Ç–∞–ª—è–º.

–ù–æ –æ—Å–æ–±—ã–π –≤–∫–ª–∞–¥ –≤ –ø—Ä–∏–±–ª–∏–∂–µ–Ω–∏–µ –ü–æ–±–µ–¥—ã –≤–Ω–µ—Å–ª–∏ –Ω–∞—É—á–Ω—ã–µ –∏—Å—Å–ª–µ–¥–æ–≤–∞–Ω–∏—è –±–∏–æ–ª–æ–≥–æ–≤ –ú–ì–£. –§–∏–∑–∏–æ–ª–æ–≥ –ë–æ—Ä–∏—Å –ö—É–¥—Ä—è—à–æ–≤ —Ä–∞–∑—Ä–∞–±–æ—Ç–∞–ª –∏ –≤–Ω–µ–¥—Ä–∏–ª –≤ –º–µ–¥–∏—Ü–∏–Ω—Å–∫—É—é –ø—Ä–∞–∫—Ç–∏–∫—É —É–Ω–∏–∫–∞–ª—å–Ω—ã–π –∫—Ä–æ–≤–µ–æ—Å—Ç–∞–Ω–∞–≤–ª–∏–≤–∞—é—â–∏–π –ø—Ä–µ–ø–∞—Ä–∞—Ç ‚Äì ¬´–¢—Ä–æ–º–±–∏–Ω¬ª. –≠—Ç–æ —Å—Ä–µ–¥—Å—Ç–≤–æ —Å–≤–æ—Ä–∞—á–∏–≤–∞–ª–æ –∫—Ä–æ–≤—å –∑–∞ 3-5 —Å–µ–∫—É–Ω–¥, —á—Ç–æ —Å–ø–∞—Å–ª–æ –¥–µ—Å—è—Ç–∫–∏ —Ç—ã—Å—è—á –∂–∏–∑–Ω–µ–π —Å–æ–ª–¥–∞—Ç –∏ –æ—Ñ–∏—Ü–µ—Ä–æ–≤. –û—Å–æ–±–µ–Ω–Ω–æ —ç—Ñ—Ñ–µ–∫—Ç–∏–≤–Ω–æ –æ–Ω–æ –ø–æ–º–æ–≥–∞–ª–æ –ø—Ä–∏ –∫–∞–ø–∏–ª–ª—è—Ä–Ω—ã—Ö –∏ —Ç–∫–∞–Ω–µ–≤—ã—Ö –∫—Ä–æ–≤–æ—Ç–µ—á–µ–Ω–∏—è—Ö, –¥–ª—è –∫–æ—Ç–æ—Ä—ã—Ö –¥–æ —ç—Ç–æ–≥–æ –Ω–µ —Å—É—â–µ—Å—Ç–≤–æ–≤–∞–ª–æ –Ω–∞–¥–µ–∂–Ω–æ–≥–æ –ª–µ—á–µ–Ω–∏—è.¬†

–ï–≥–æ —É—á–µ–Ω–∏—Ü–∞ –ì–∞–ª–∏–Ω–∞ –ê–Ω–¥—Ä–µ–µ–Ω–∫–æ –≤–Ω–µ–¥—Ä–∏–ª–∞ –≤ –ø—Ä–æ–∏–∑–≤–æ–¥—Å—Ç–≤–æ –≤–æ–¥–æ—Ä–∞—Å—Ç–≤–æ—Ä–∏–º—ã–π –≤–∏—Ç–∞–º–∏–Ω –ö, —É—Å–∫–æ—Ä—è–≤—à–∏–π –∑–∞–∂–∏–≤–ª–µ–Ω–∏–µ —Ä–∞–Ω, –∞ –°–µ—Ä–≥–µ–π –°–µ–≤–µ—Ä–∏–Ω —Ä–∞–∑—Ä–∞–±–æ—Ç–∞–ª —Å–ø–æ—Å–æ–± –∫–æ–Ω—Å–µ—Ä–≤–∞—Ü–∏–∏ –¥–æ–Ω–æ—Ä—Å–∫–æ–π –∫—Ä–æ–≤–∏, —É—Å–ø–µ—à–Ω–æ –Ω–∞—É—á–∏–≤—à–∏—Å—å –ø—Ä–æ–¥–ª–µ–≤–∞—Ç—å —Å—Ä–æ–∫–∏ –µ—ë —Ö—Ä–∞–Ω–µ–Ω–∏—è.

–ó–æ–æ–ª–æ–≥ –ê–ª–µ–∫—Å–µ–π –ö—É–∑—è–∫–∏–Ω –±–æ—Ä–æ–ª—Å—è —Å —ç–ø–∏–¥–µ–º–∏—è–º–∏, –æ—Ä–≥–∞–Ω–∏–∑—É—è –ø—Ä–æ—Ç–∏–≤–æ—á—É–º–Ω—ã–µ –º–µ—Ä–æ–ø—Ä–∏—è—Ç–∏—è –∏ –æ–±—É—á–∞—è –º–µ—Ç–æ–¥–∞–º –±–æ—Ä—å–±—ã —Å –≥—Ä—ã–∑—É–Ω–∞–º–∏ ‚Äî –ø–µ—Ä–µ–Ω–æ—Å—á–∏–∫–∞–º–∏ —Ç—É–ª—è—Ä–µ–º–∏–∏. –õ–µ–≤ –ö—Ä—É—à–∏–Ω—Å–∫–∏–π —Ä–∞–∑—Ä–∞–±–∞—Ç—ã–≤–∞–ª –Ω–æ–≤—ã–µ –º–µ—Ç–æ–¥—ã –ø–æ–¥–≥–æ—Ç–æ–≤–∫–∏ —Å–æ–±–∞–∫ –¥–ª—è –ø—Ä–æ—Ç–∏–≤–æ—Ç–∞–Ω–∫–æ–≤–æ–π –æ–±–æ—Ä–æ–Ω—ã, –º–∏–Ω–Ω–æ-—Ä–æ–∑—ã—Å–∫–Ω–æ–π —Å–ª—É–∂–±—ã –∏ –≤—ã–≤–æ–∑–∞ —Ä–∞–Ω–µ–Ω—ã—Ö.

–í–∏–∫—Ç–æ—Ä –õ–∞—Ä–∏–æ–Ω–æ–≤ –∏ –ï–≤–≥–µ–Ω–∏–π –°–≤–µ—Ç–æ–∑–∞—Ä–æ–≤ –∑–∞–Ω–∏–º–∞–ª–∏—Å—å –≤–æ–µ–Ω–Ω—ã–º –≥–æ–ª—É–±–µ–≤–æ–¥—Å—Ç–≤–æ–º.
–î–º–∏—Ç—Ä–∏–π –¢—Ä–∞–Ω–∫–æ–≤—Å–∫–∏–π, —Å–ø–µ—Ü–∏–∞–ª–∏—Å—Ç –ø–æ –∞–Ω–∞—Ç–æ–º–∏–∏ —Ä–∞—Å—Ç–µ–Ω–∏–π, –∏—Å—Å–ª–µ–¥–æ–≤–∞–ª –¥—Ä–µ–≤–µ—Å–Ω—ã–µ –º–∞—Ç–µ—Ä–∏–∞–ª—ã –¥–ª—è –∞–≤–∏–∞—Ü–∏–æ–Ω–Ω–æ–π –ø—Ä–æ–º—ã—à–ª–µ–Ω–Ω–æ—Å—Ç–∏. –í —ç–≤–∞–∫—É–∞—Ü–∏–∏ –≤ –ê—à—Ö–∞–±–∞–¥–µ —É—á–µ–Ω—ã–µ –ú–ì–£ —Ä–∞–∑—Ä–∞–±–∞—Ç—ã–≤–∞–ª–∏ —Å–ø–æ—Å–æ–±—ã –ø–µ—Ä–µ—Ä–∞–±–æ—Ç–∫–∏ –Ω–µ—Ñ—Ç–∏ –≤ –±–µ–Ω–∑–∏–Ω, –º–µ—Ç–æ–¥—ã –æ–ø—Ä–µ—Å–Ω–µ–Ω–∏—è –≤–æ–¥—ã –∏ –ø—Ä–æ–∏–∑–≤–æ–¥—Å—Ç–≤–∞ –∞–∫–∫—É–º—É–ª—è—Ç–æ—Ä–æ–≤. –ë–ª–∞–≥–æ–¥–∞—Ä—è –∏—Ö —Ç—Ä—É–¥—É —É—Ä–æ–∂–∞–π–Ω–æ—Å—Ç—å —Ö–ª–æ–ø–∫–∞ –≤ –£–∑–±–µ–∫–∏—Å—Ç–∞–Ω–µ —É–≤–µ–ª–∏—á–∏–ª–∞—Å—å –≤–¥–≤–æ–µ. –ö—Ä–æ–º–µ —Ç–æ–≥–æ, —Å—Ç—É–¥–µ–Ω—Ç—ã —É–Ω–∏–≤–µ—Ä—Å–∏—Ç–µ—Ç–∞ —Ç—Ä—É–¥–∏–ª–∏—Å—å –Ω–∞ –ø–æ–ª—è—Ö –¢—É—Ä–∫–º–µ–Ω–∏–∏ –≤ –∫–∞—á–µ—Å—Ç–≤–µ –º–µ—Ö–∞–Ω–∏–∑–∞—Ç–æ—Ä–æ–≤.

–°—Ä–µ–¥–∏ –º–Ω–æ–∂–µ—Å—Ç–≤–∞ —Å–∞–º–æ–æ—Ç–≤–µ—Ä–∂–µ–Ω–Ω—ã—Ö –ø–æ—Å—Ç—É–ø–∫–æ–≤ –Ω–µ–ª—å–∑—è –Ω–µ —É–ø–æ–º—è–Ω—É—Ç—å –ø–æ–¥–≤–∏–≥ –¥–æ–Ω–æ—Ä–æ–≤. –í —É–Ω–∏–≤–µ—Ä—Å–∏—Ç–µ—Ç–µ –±—ã–ª–æ –æ–∫–æ–ª–æ 100 —á–µ–ª–æ–≤–µ–∫, —Å–¥–∞–≤—à–∏—Ö –∫—Ä–æ–≤—å –±–æ–ª–µ–µ 10 —Ä–∞–∑, –∞ –Ω–µ–∫–æ—Ç–æ—Ä—ã–µ ‚Äî —Å–≤—ã—à–µ 20 —Ä–∞–∑. –≠—Ç–æ —Ç–æ–∂–µ –±—ã–ª–æ –Ω–µ–æ—Ü–µ–Ω–∏–º–æ–π –ø–æ–º–æ—â—å—é —Ñ—Ä–æ–Ω—Ç—É.
#–ú–ì–£_–≤_–≥–æ–¥—ã_–í–û–í #–ü–æ–±–µ–¥–∞80",41727.0,0,206.0,2025-03-16 07:34:16+00:00
–ú–ì–£,"–ü—Ä–∏–µ–º–Ω–∞—è –∫–æ–º–∏—Å—Å–∏—è —Ñ–∏–∑—Ñ–∞–∫–∞ –ú–ì–£, 1979 –≥–æ–¥

#—Ä–µ—Ç—Ä–æ–ø–æ–¥—ä–µ—Ö–∞–ª–æ",8348.0,0,44.0,2025-03-15 10:35:07+00:00
–ú–ì–£,,5891.0,0,20.0,2025-03-15 09:05:00+00:00
–ú–ì–£,,5841.0,0,20.0,2025-03-15 09:05:00+00:00
–ú–ì–£,,6176.0,0,20.0,2025-03-15 09:05:00+00:00
–ú–ì–£,,5416.0,0,20.0,2025-03-15 09:05:00+00:00
–ú–ì–£,,5509.0,0,20.0,2025-03-15 09:05:00+00:00
–ú–ì–£,,5537.0,0,20.0,2025-03-15 09:05:00+00:00
–ú–ì–£,,5369.0,0,20.0,2025-03-15 09:05:00+00:00
–ú–ì–£,,5320.0,0,20.0,2025-03-15 09:05:00+00:00
–ú–ì–£,,5325.0,0,20.0,2025-03-15 09:05:00+00:00
–ú–ì–£,"–ñ–æ—Ä–µ—Å –ê–ª—Ñ–µ—Ä–æ–≤ ‚Äî –Ω–æ–±–µ–ª–µ–≤—Å–∫–∏–π –ª–∞—É—Ä–µ–∞—Ç –∏ –ø–æ—á–µ—Ç–Ω—ã–π –ø—Ä–æ—Ñ–µ—Å—Å–æ—Ä –ú–ì–£
#270_–ú–ì–£

–ê–ª—Ñ–µ—Ä–æ–≤ ‚Äì –æ–¥–∏–Ω –∏–∑ –ø–µ—Ä–≤–æ–ø—Ä–æ—Ö–æ–¥—Ü–µ–≤ –≤ –æ–±–ª–∞—Å—Ç–∏ –ø–æ–ª—É–ø—Ä–æ–≤–æ–¥–Ω–∏–∫–æ–≤—ã—Ö —Ç–µ—Ö–Ω–æ–ª–æ–≥–∏–π. –û–Ω –∑–∞–ª–æ–∂–∏–ª –æ—Å–Ω–æ–≤—ã –¥–ª—è —Ä–∞–∑–≤–∏—Ç–∏—è –ª–∞–∑–µ—Ä–æ–≤, –æ–ø—Ç–æ—ç–ª–µ–∫—Ç—Ä–æ–Ω–∏–∫–∏, —Å–æ–ª–Ω–µ—á–Ω—ã—Ö –±–∞—Ç–∞—Ä–µ–π –∏ –º–Ω–æ–≥–∏—Ö –¥—Ä—É–≥–∏—Ö —Å–æ–≤—Ä–µ–º–µ–Ω–Ω—ã—Ö —Ç–µ—Ö–Ω–æ–ª–æ–≥–∏–π. –ù–∞—à –º–∏—Ä —Å–µ–≥–æ–¥–Ω—è —Ç—Ä—É–¥–Ω–æ –ø—Ä–µ–¥—Å—Ç–∞–≤–∏—Ç—å –±–µ–∑ —ç—Ç–∏—Ö –¥–æ—Å—Ç–∏–∂–µ–Ω–∏–π. –ê–∫–∞–¥–µ–º–∏–∫ –ê–ª—Ñ–µ—Ä–æ–≤ —É–¥–æ—Å—Ç–æ–µ–Ω –º–Ω–æ–∂–µ—Å—Ç–≤–∞ –Ω–∞–≥—Ä–∞–¥, –≤ —Ç–æ–º —á–∏—Å–ª–µ –∑–≤–∞–Ω–∏—è –ü–æ—á–µ—Ç–Ω–æ–≥–æ –ø—Ä–æ—Ñ–µ—Å—Å–æ—Ä–∞ –ú–ì–£. 

–û –∂–∏–∑–Ω–∏ –∏ –¥–æ—Å—Ç–∏–∂–µ–Ω–∏—è—Ö –ñ–æ—Ä–µ—Å–∞ –ê–ª—Ñ–µ—Ä–æ–≤–∞ —á–∏—Ç–∞–π—Ç–µ –≤ —Å–µ—Ä–∏–∏ –∫–∞—Ä—Ç–æ—á–µ–∫!",5245.0,0,20.0,2025-03-15 09:05:00+00:00
–ú–ì–£,"–§–∏–∑–∏—á–µ—Å–∫–∏–µ —Å—É–±–±–æ—Ç—ã –≤–µ—Ä–Ω—É–ª–∏—Å—å! 
#–º–≥—É_—à–∫–æ–ª–µ 
 
–£—á–∏—Ç–µ—Å—å –≤ —à–∫–æ–ª–µ –∏ —Ö–æ—Ç–∏—Ç–µ –±–æ–ª—å—à–µ —É–∑–Ω–∞—Ç—å –æ –Ω–∞—É–∫–µ? –¢–æ–≥–¥–∞ –∂–¥–µ–º –≤–∞—Å –Ω–∞ –§–∏–∑–∏—á–µ—Å–∫–∏—Ö —Å—É–±–±–æ—Ç–∞—Ö –≤ –ú–æ—Å–∫–æ–≤—Å–∫–æ–º —É–Ω–∏–≤–µ—Ä—Å–∏—Ç–µ—Ç–µ. –í—Å–µ –ª–µ–∫—Ü–∏–∏ –±—É–¥—É—Ç –ø—Ä–æ–≤–æ–¥–∏—Ç—å—Å—è –≤ –æ—á–Ω–æ–º —Ñ–æ—Ä–º–∞—Ç–µ –Ω–∞ —Ñ–∏–∑—Ñ–∞–∫–µ –ú–ì–£. 
 
üóìÔ∏è15 –º–∞—Ä—Ç–∞ –≤ 17:00 ‚Äì –ª–µ–∫—Ü–∏—è ¬´–ú–µ–¥–∏—Ü–∏–Ω—Å–∫–∞—è —Ñ–∏–∑–∏–∫–∞ ‚Äì –Ω–∞—É–∫–∞ 21 –≤–µ–∫–∞¬ª 
 
–ù–∞ –ª–µ–∫—Ü–∏–∏ –±—É–¥—É—Ç —Ä–∞—Å—Å–º–æ—Ç—Ä–µ–Ω—ã —É–Ω–∏–∫–∞–ª—å–Ω—ã–µ –¥–æ—Å—Ç–∏–∂–µ–Ω–∏—è —è–¥–µ—Ä–Ω–æ–π —Ñ–∏–∑–∏–∫–∏ –≤ –ª–µ—á–µ–Ω–∏–∏ —Ä–∞–∫–∞, –æ–ø–∏—Å–∞–Ω—ã —Å–∞–º—ã–µ —Å–æ–≤—Ä–µ–º–µ–Ω–Ω—ã–µ —Ç–µ—Ö–Ω–æ–ª–æ–≥–∏–∏ –∏ –º–µ—Ç–æ–¥–∏–∫–∏. –ß–µ–º –∑–∞–Ω–∏–º–∞–µ—Ç—Å—è —Ñ–∏–∑–∏–∫ –≤ —ç—Ç–æ–π —Å—Ñ–µ—Ä–µ, –∫–∞–∫ —Å –∏—Å–ø–æ–ª—å–∑–æ–≤–∞–Ω–∏–µ–º —Ç–µ—Ö–Ω–æ–ª–æ–≥–∏–π —è–¥–µ—Ä–Ω–æ–π —Ñ–∏–∑–∏–∫–∏ –∏–∑–º–µ–Ω–∏–ª–∞—Å—å –º–µ–¥–∏—Ü–∏–Ω–∞ 21 –≤–µ–∫–∞, —á—Ç–æ –∂–¥–µ—Ç –Ω–∞—Å –≤ –±–ª–∏–∂–∞–π—à–µ–º –±—É–¥—É—â–µ–º –≤ —ç—Ç–æ–π —Å—Ñ–µ—Ä–µ? 
–í–µ–¥—É—â–∏–π: –ø—Ä–æ—Ñ–µ—Å—Å–æ—Ä –ê–ª–µ–∫—Å–∞–Ω–¥—Ä –ß–µ—Ä–Ω—è–µ–≤. 
–†–µ–≥–∏—Å—Ç—Ä–∞—Ü–∏—è ‚Äì –ø–æ —Å—Å—ã–ª–∫–µ. 
 
üóìÔ∏è22 –º–∞—Ä—Ç–∞ –≤ 17:00 ‚Äì –ª–µ–∫—Ü–∏—è ¬´–§–∏–∑–∏–∫–∞ –∂–∏–≤—ã—Ö —Å–∏—Å—Ç–µ–º¬ª 
 
–í–∞—Å –∂–¥–µ—Ç –¥–µ–º–æ–Ω—Å—Ç—Ä–∞—Ü–∏—è –¥–∞–Ω–Ω—ã—Ö –ø–æ –Ω–∞–±–ª—é–¥–µ–Ω–∏—é –∞—Ç–æ–º–æ–≤, –º–æ–ª–µ–∫—É–ª, –≤–∏—Ä—É—Å–æ–≤, –±–∞–∫—Ç–µ—Ä–∏–π, —ç—Ä–∏—Ç—Ä–æ—Ü–∏—Ç–æ–≤, –Ω–µ–π—Ä–æ–Ω–æ–≤, –∫–ª–µ—Ç–æ–∫, –∂–∏–≤–æ–π –º–∞—Ç–µ—Ä–∏–∏. –í—ã –ø–æ–∑–Ω–∞–∫–æ–º–∏—Ç–µ—Å—å —Å –ü–û –§–µ–º—Ç–æ–°–∫–∞–Ω –û–Ω–ª–∞–π–Ω –ø–æ –ø–æ—Å—Ç—Ä–æ–µ–Ω–∏—é, –∞–Ω–∞–ª–∏–∑—É, –æ–±—Ä–∞–±–æ—Ç–∫–µ 3D –∏–∑–æ–±—Ä–∞–∂–µ–Ω–∏–π. –ë—É–¥—É—Ç –ø—Ä–æ–¥–µ–º–æ–Ω—Å—Ç—Ä–∏—Ä–æ–≤–∞–Ω—ã —ç–∫—Å–ø–µ—Ä–∏–º–µ–Ω—Ç—ã: –ª–µ—Ç–∞—é—â–∏–π –≥—Ä–∞—Ñ–∏—Ç, –≤–∏–∑—É–∞–ª–∏–∑–∞—Ü–∏—è –ø–æ–ª–µ—Ç–∞ —ç–ª–µ–∫—Ç—Ä–æ–Ω–æ–≤, –∫–∞–∫ —Ä–∞—Å–ø–æ–ª–æ–∂–∏—Ç—å –ø–∞—Ä—É –º–∞–≥–Ω–∏—Ç–æ–≤ –≤ —Ä–∞–≤–Ω–æ–≤–µ—Å–∏–∏ –Ω–∞ –Ω–µ–±–æ–ª—å—à–æ–º —Ä–∞—Å—Å—Ç–æ—è–Ω–∏–∏. 
–í–µ–¥—É—â–∏–π: –ø—Ä–æ—Ñ–µ—Å—Å–æ—Ä –ò–≥–æ—Ä—å –Ø–º–∏–Ω—Å–∫–∏–π. 
–†–µ–≥–∏—Å—Ç—Ä–∞—Ü–∏—è ‚Äì –ø–æ —Å—Å—ã–ª–∫–µ. 
 
üóìÔ∏è29 –º–∞—Ä—Ç–∞ –≤ 17:00 ‚Äì –ª–µ–∫—Ü–∏—è ¬´–¢–µ—Ä–º–æ—ç–ª–µ–∫—Ç—Ä–∏—á–µ—Å—Ç–≤–æ - —ç–∫–æ–ª–æ–≥–∏—á–µ—Å–∫–∏ —á–∏—Å—Ç–∞—è —ç–Ω–µ—Ä–≥–∏—è¬ª 
 
–í—ã —É–∑–Ω–∞–µ—Ç–µ –æ–± –∏—Å—Ç–æ—Ä–∏–∏ –æ—Ç–∫—Ä—ã—Ç–∏—è —Ç–µ—Ä–º–æ—ç–ª–µ–∫—Ç—Ä–∏—á–µ—Å—Ç–≤–∞, —á—Ç–æ —Ç–∞–∫–æ–µ —ç—Ñ—Ñ–µ–∫—Ç –ó–µ–µ–±–µ–∫–∞, —ç—Ñ—Ñ–µ–∫—Ç –ü–µ–ª—å—Ç—å–µ –∏ —ç—Ñ—Ñ–µ–∫—Ç –¢–æ–º—Å–æ–Ω–∞. –¢–∞–∫–∂–µ –Ω–∞ –ª–µ–∫—Ü–∏–∏ —Ä–∞—Å—Å–∫–∞–∂—É—Ç –æ —Ç–µ—Ä–º–æ—ç–ª–µ–∫—Ç—Ä–∏—á–µ—Å–∫–æ–π —ç—Ñ—Ñ–µ–∫—Ç–∏–≤–Ω–æ—Å—Ç–∏, —Ü–∏–∫–ª–µ –ö–∞—Ä–Ω–æ –∏ –∫–æ—ç—Ñ—Ñ–∏—Ü–∏–µ–Ω—Ç–µ –ø–æ–ª–µ–∑–Ω–æ–≥–æ –¥–µ–π—Å—Ç–≤–∏—è (–ö–ü–î) —Ç–µ—Ä–º–æ—ç–ª–µ–∫—Ç—Ä–∏—á–µ—Å–∫–∏—Ö –ø—Ä–∏–±–æ—Ä–æ–≤. 
–í–µ–¥—É—â–∏–π: –ø—Ä–æ—Ñ–µ—Å—Å–æ—Ä –í–ª–∞–¥–∏–º–∏—Ä –ö—É–ª—å–±–∞—á–∏–Ω—Å–∫–∏–π. 
–†–µ–≥–∏—Å—Ç—Ä–∞—Ü–∏—è ‚Äì –ø–æ —Å—Å—ã–ª–∫–µ. 
 
–ñ–¥–µ–º –≤–∞—Å!",7111.0,0,164.0,2025-03-14 16:05:40+00:00
–ú–ì–£,"–í—ã–∏–≥—Ä–∞–π –∫—É–±–æ–∫ –ú–ì–£ –≤ —Ç—É—Ä–Ω–∏—Ä–µ ¬´–ß—Ç–æ? –ì–¥–µ? –ö–æ–≥–¥–∞?¬ª! 
#–∞–Ω–æ–Ω—Å_–º–≥—É 
 
–ü—Ä–æ—Ñ–∫–æ–º –ú–ì–£ –ø—Ä–∏–≥–ª–∞—à–∞–µ—Ç —Å—Ç—É–¥–µ–Ω—Ç–æ–≤, –∞—Å–ø–∏—Ä–∞–Ω—Ç–æ–≤ –∏ —Å–æ—Ç—Ä—É–¥–Ω–∏–∫–æ–≤ –ú–ì–£ –ø—Ä–∏–Ω—è—Ç—å —É—á–∞—Å—Ç–∏–µ –≤ XVII –ú–µ–∂—Ñ–∞–∫—É–ª—å—Ç–µ—Ç—Å–∫–æ–º –∫—É–±–∫–µ –ú–ì–£ –ø–æ ¬´–ß—Ç–æ? –ì–¥–µ? –ö–æ–≥–¥–∞?¬ª. –¢—É—Ä–Ω–∏—Ä –≤–∫–ª—é—á–∞–µ—Ç –≤ —Å–µ–±—è –¥–≤–∞ —ç—Ç–∞–ø–∞ ‚Äì –æ—Ç–±–æ—Ä–æ—á–Ω—ã–µ –∏–≥—Ä—ã –∏ —Ñ–∏–Ω–∞–ª. 
 
–í—ã–±–∏—Ä–∞–π –Ω–∞–∏–±–æ–ª–µ–µ —É–¥–æ–±–Ω—É—é –æ—Ç–±–æ—Ä–æ—á–Ω—É—é –∏–≥—Ä—É –∏–∑ —Å–ø–∏—Å–∫–∞ –∏ –ø—Ä–∏—Ö–æ–¥–∏—Ç–µ –Ω–∞ –∫—É–±–æ–∫ –≤–º–µ—Å—Ç–µ —Å –∫–æ–º–∞–Ω–¥–æ–π: 
 
‚Ä¢ 14 –º–∞—Ä—Ç–∞, 19:00, 1-—ã–π —É—á–µ–±–Ω—ã–π –∫–æ—Ä–ø—É—Å, –∞—É–¥–∏—Ç–æ—Ä–∏—è –ü-3; 
‚Ä¢ 19 –º–∞—Ä—Ç–∞, 19:00, –ò–°–ê–ê, –∞—É–¥–∏—Ç–æ—Ä–∏—è 128; 
‚Ä¢ 24 –º–∞—Ä—Ç–∞, 19:00, –®—É–≤–∞–ª–æ–≤—Å–∫–∏–π –∫–æ—Ä–ø—É—Å, –∞—É–¥–∏—Ç–æ—Ä–∏—è –î-1; 
‚Ä¢ 29 –º–∞—Ä—Ç–∞, 16:00, –•–∏–º–∏—á–µ—Å–∫–∏–π —Ñ–∞–∫—É–ª—å—Ç–µ—Ç, –∞—É–¥–∏—Ç–æ—Ä–∏—è –ë–•–ê; 
‚Ä¢ 2 –∞–ø—Ä–µ–ª—è, 19:00, –ë–∏–æ–ª–æ–≥–∏—á–µ—Å–∫–∏–π —Ñ–∞–∫—É–ª—å—Ç–µ—Ç, –∞—É–¥–∏—Ç–æ—Ä–∏—è –ë–ë–ê. 
 
–ó–∞—Ä–µ–≥–∏—Å—Ç—Ä–∏—Ä–æ–≤–∞—Ç—å—Å—è, –∞ —Ç–∞–∫–∂–µ —É–∑–Ω–∞—Ç—å –≤—Å–µ –ø–æ–¥—Ä–æ–±–Ω–æ—Å—Ç–∏ –º–æ–∂–Ω–æ –ø–æ —Å—Å—ã–ª–∫–µ. 

–ö–æ–º–∞–Ω–¥—ã, –∫–æ—Ç–æ—Ä—ã–µ –ª—É—á—à–µ –≤—Å–µ–≥–æ –ø–æ–∫–∞–∂—É—Ç —Å–µ–±—è –Ω–∞ –æ—Ç–±–æ—Ä–æ—á–Ω—ã—Ö —ç—Ç–∞–ø–∞—Ö, –±—É–¥—É—Ç –ø—Ä–∏–≥–ª–∞—à–µ–Ω—ã –Ω–∞ —Ñ–∏–Ω–∞–ª—å–Ω—É—é –∏–≥—Ä—É 12 –∞–ø—Ä–µ–ª—è, –≥–¥–µ –æ–Ω–∏ —Å–º–æ–≥—É—Ç –ø–æ–±–æ—Ä–æ—Ç—å—Å—è –∑–∞ –∑–≤–∞–Ω–∏–µ —Å–∏–ª—å–Ω–µ–π—à–µ–≥–æ –≤ –ú–µ–∂—Ñ–∞–∫—É–ª—å—Ç–µ—Ç—Å–∫–æ–º –∫—É–±–∫–µ! 

–î–æ –≤—Å—Ç—Ä–µ—á–∏ –Ω–∞ –∏–≥—Ä–µ!",4456.0,0,31.0,2025-03-14 14:30:07+00:00
–ú–ì–£,"–ú—ã —Å–ø—Ä–æ—Å–∏–ª–∏ —Å—Ç—É–¥–µ–Ω—Ç–æ–≤ –ú–ì–£, —Å–∫–æ–ª—å–∫–æ –∑–Ω–∞–∫–æ–≤ —á–∏—Å–ª–∞ –ü–ò –æ–Ω–∏ –∑–Ω–∞—é—Ç. –ò—Ö –æ—Ç–≤–µ—Ç—ã —Å–º–æ—Ç—Ä–∏—Ç–µ –≤ –∫–ª–∏–ø–µ!",4319.0,0,41.0,2025-03-14 12:30:36+00:00
–ú–ì–£,,4670.0,0,48.0,2025-03-14 10:30:03+00:00
–ú–ì–£,,5213.0,0,48.0,2025-03-14 10:30:03+00:00
–ú–ì–£,,4930.0,0,48.0,2025-03-14 10:30:03+00:00
–ú–ì–£,,4728.0,0,48.0,2025-03-14 10:30:03+00:00
–ú–ì–£,,4524.0,0,48.0,2025-03-14 10:30:03+00:00
–ú–ì–£,,4636.0,0,50.0,2025-03-14 10:30:03+00:00
–ú–ì–£,"–ê–±–∏—Ç—É—Ä–∏–µ–Ω—Ç—ã –í–ú–ö, –ø—Ä–∏–µ–º!
#–ø–æ—Å—Ç—É–ø–∞–π–ø—Ä–∞–≤–∏–ª—å–Ω–æ

–í—ã –º–µ—á—Ç–∞–µ—Ç–µ —Å–≤—è–∑–∞—Ç—å —Å–≤–æ—é –∂–∏–∑–Ω—å —Å –º–∞—Ç–µ–º–∞—Ç–∏–∫–æ–π, –ø—Ä–æ–≥—Ä–∞–º–º–∏—Ä–æ–≤–∞–Ω–∏–µ–º –∏ –∏—Å–∫—É—Å—Å—Ç–≤–µ–Ω–Ω—ã–º –∏–Ω—Ç–µ–ª–ª–µ–∫—Ç–æ–º? –¢–æ–≥–¥–∞ —Ñ–∞–∫—É–ª—å—Ç–µ—Ç –≤—ã—á–∏—Å–ª–∏—Ç–µ–ª—å–Ω–æ–π –º–∞—Ç–µ–º–∞—Ç–∏–∫–∏ –∏ –∫–∏–±–µ—Ä–Ω–µ—Ç–∏–∫–∏ –ú–ì–£ —Ç–æ—á–Ω–æ –¥–ª—è –≤–∞—Å! –ò–º–µ–Ω–Ω–æ —Ç—É—Ç –≥–æ—Ç–æ–≤—è—Ç —Å–ø–µ—Ü–∏–∞–ª–∏—Å—Ç–æ–≤ –º–∏—Ä–æ–≤–æ–≥–æ —É—Ä–æ–≤–Ω—è –ø–æ –ø—Ä–∏–∫–ª–∞–¥–Ω–æ–π –º–∞—Ç–µ–º–∞—Ç–∏–∫–µ, –∏–Ω—Ñ–æ—Ä–º–∞—Ç–∏–∫–µ –∏ –≤—ã—á–∏—Å–ª–∏—Ç–µ–ª—å–Ω—ã–º —Ç–µ—Ö–Ω–æ–ª–æ–≥–∏—è–º.

–õ–∏—Å—Ç–∞–π—Ç–µ –∫–∞—Ä—Ç–æ—á–∫–∏, —á—Ç–æ–±—ã —É–∑–Ω–∞—Ç—å –≤—Å–µ —Å–∞–º–æ–µ –≤–∞–∂–Ω–æ–µ –æ –ø–æ—Å—Ç—É–ø–ª–µ–Ω–∏–∏!",4540.0,0,48.0,2025-03-14 10:30:03+00:00
–ú–ì–£,,4916.0,0,68.0,2025-03-14 08:00:06+00:00
–ú–ì–£,,5027.0,0,69.0,2025-03-14 08:00:06+00:00
–ú–ì–£,,4720.0,0,68.0,2025-03-14 08:00:06+00:00
–ú–ì–£,,4409.0,0,68.0,2025-03-14 08:00:06+00:00
–ú–ì–£,,4368.0,0,68.0,2025-03-14 08:00:06+00:00
–ú–ì–£,"–ó–æ–ª–æ—Ç–æ–µ —Å–µ—á–µ–Ω–∏–µ –ú–ì–£ 
#–æ—Ç–º–µ—á–∞–µ–º_–º–≥—É 
 
–°–µ–≥–æ–¥–Ω—è, –≤ –î–µ–Ω—å —á–∏—Å–ª–∞ –ü–∏, –º—ã –≤–æ—Å—Ö–∏—â–∞–µ–º—Å—è –≥–∞—Ä–º–æ–Ω–∏–µ–π –º–∞—Ç–µ–º–∞—Ç–∏–∫–∏ –∏ –∞—Ä—Ö–∏—Ç–µ–∫—Ç—É—Ä—ã. –ì–ª–∞–≤–Ω–æ–µ –∑–¥–∞–Ω–∏–µ –ú–ì–£ ‚Äì –Ω–µ –ø—Ä–æ—Å—Ç–æ —Å–∏–º–≤–æ–ª –≤–µ–ª–∏—á–∏—è, –Ω–æ –∏ –ø—Ä–∏–º–µ—Ä –∏—Å–ø–æ–ª—å–∑–æ–≤–∞–Ω–∏—è –ø—Ä–∏–Ω—Ü–∏–ø–æ–≤ –∑–æ–ª–æ—Ç–æ–≥–æ —Å–µ—á–µ–Ω–∏—è. –≠—Ç–∏ –∏–¥–µ–∞–ª—å–Ω—ã–µ –ø—Ä–æ–ø–æ—Ä—Ü–∏–∏, –∫–∞–∫ –∏ —á–∏—Å–ª–æ –ü–∏, –Ω–∞–ø–æ–º–∏–Ω–∞—é—Ç –Ω–∞–º –∫–∞–∂–¥—ã–π –¥–µ–Ω—å, —á—Ç–æ –∫—Ä–∞—Å–æ—Ç–∞ —Å–∫—Ä—ã—Ç–∞ –≤ –∑–∞–∫–æ–Ω–∞—Ö –ø—Ä–∏—Ä–æ–¥—ã –∏ –º–∞—Ç–µ–º–∞—Ç–∏–∫–µ.",4433.0,0,68.0,2025-03-14 08:00:06+00:00
–ú–ì–£,"–®–∫–æ–ª–∞ —é–Ω–æ–≥–æ —Å–æ—Ü–∏–∞–ª—å–Ω–æ–≥–æ –∞–Ω–∞–ª–∏—Ç–∏–∫–∞ –∏ —É–ø—Ä–∞–≤–ª–µ–Ω—Ü–∞ 
#–º–≥—É_—à–∫–æ–ª–µ 

–í—ã—Å—à–∞—è —à–∫–æ–ª–∞ —Å–æ–≤—Ä–µ–º–µ–Ω–Ω—ã—Ö —Å–æ—Ü–∏–∞–ª—å–Ω—ã—Ö –Ω–∞—É–∫ (—Ñ–∞–∫—É–ª—å—Ç–µ—Ç) –ú–ì–£ –æ—Ç–∫—Ä—ã–≤–∞–µ—Ç —Ä–µ–≥–∏—Å—Ç—Ä–∞—Ü–∏—é –Ω–∞ –®–∫–æ–ª—É —é–Ω–æ–≥–æ —Å–æ—Ü–∏–∞–ª—å–Ω–æ–≥–æ –∞–Ω–∞–ª–∏—Ç–∏–∫–∞ –∏ —É–ø—Ä–∞–≤–ª–µ–Ω—Ü–∞ –í–®–°–°–ù. 

–£—á–∞—Å—Ç–∏–µ –≤ –æ–Ω–ª–∞–π–Ω-—à–∫–æ–ª–µ –º–æ–≥—É—Ç –ø—Ä–∏–Ω—è—Ç—å —É—á–µ–Ω–∏–∫–∏ 8-11 –∫–ª–∞—Å—Å–æ–≤ –∏–∑ –≤—Å–µ—Ö –≥–æ—Ä–æ–¥–æ–≤ –†–æ—Å—Å–∏–∏. 

–ù–∞ —à–∫–æ–ª–µ –≤—ã —Å–º–æ–∂–µ—Ç–µ: 
‚Äì –ø—Ä–æ—Å–ª—É—à–∞—Ç—å –ø—Ä–æ—Ñ–æ—Ä–∏–µ–Ω—Ç–∞—Ü–∏–æ–Ω–Ω—ã–µ –ª–µ–∫—Ü–∏–∏;
‚Äì¬†–æ–≤–ª–∞–¥–µ—Ç—å –∏–Ω—Å—Ç—Ä—É–º–µ–Ω—Ç–∞—Ä–∏–µ–º –¥–ª—è –∞–Ω–∞–ª–∏—Ç–∏—á–µ—Å–∫–æ–π —Ä–∞–±–æ—Ç—ã –∏ –≤—ã–±—Ä–∞—Ç—å –±—É–¥—É—â—É—é –ø—Ä–æ—Ñ–µ—Å—Å–∏—é;
‚Äì –ø–æ–∑–Ω–∞–∫–æ–º–∏—Ç—å—Å—è —Å –≤—ã–ø—É—Å–∫–Ω–∏–∫–∞–º–∏ –í–®–°–°–ù, –∫–æ—Ç–æ—Ä—ã–µ —Ä–∞—Å—Å–∫–∞–∂—É—Ç –æ–± –æ—Å–æ–±–µ–Ω–Ω–æ—Å—Ç—è—Ö —Å–≤–æ–µ–π —Ä–∞–±–æ—Ç—ã;
‚Äì —É–∑–Ω–∞—Ç—å —Å–µ–∫—Ä–µ—Ç—ã –ø–æ–¥–≥–æ—Ç–æ–≤–∫–∏ –∫ –î–í–ò –ø–æ –æ–±—â–µ—Å—Ç–≤–æ–∑–Ω–∞–Ω–∏—é –¥–ª—è –ø–æ—Å—Ç—É–ø–ª–µ–Ω–∏—è –≤ –ú–ì–£.

–í—Å–µ —É—á–∞—Å—Ç–Ω–∏–∫–∏ —à–∫–æ–ª—ã –ø–æ–ª—É—á–∞—Ç —Å–µ—Ä—Ç–∏—Ñ–∏–∫–∞—Ç—ã!

–ö–æ–≥–¥–∞: 5 –∞–ø—Ä–µ–ª—è
–¢—Ä–µ–∫–∏: —Å–æ—Ü–∏–æ–ª–æ–≥–∏—è, –º–µ–Ω–µ–¥–∂–º–µ–Ω—Ç, —É–ø—Ä–∞–≤–ª–µ–Ω–∏–µ –ø–µ—Ä—Å–æ–Ω–∞–ª–æ–º
–†–µ–≥–∏—Å—Ç—Ä–∞—Ü–∏—è –∑–¥–µ—Å—å. 

–ü–æ–¥—Ä–æ–±–Ω–µ–µ.",5362.0,0,65.0,2025-03-13 14:36:08+00:00
–ú–ì–£,,3906.0,0,23.0,2025-03-13 12:31:36+00:00
–ú–ì–£,,4201.0,0,23.0,2025-03-13 12:31:36+00:00
–ú–ì–£,,4206.0,0,24.0,2025-03-13 12:31:36+00:00
–ú–ì–£,,3859.0,0,24.0,2025-03-13 12:31:36+00:00
–ú–ì–£,,3865.0,0,23.0,2025-03-13 12:31:36+00:00
–ú–ì–£,,3942.0,0,23.0,2025-03-13 12:31:36+00:00
–ú–ì–£,,3778.0,0,23.0,2025-03-13 12:31:36+00:00
–ú–ì–£,,3740.0,0,23.0,2025-03-13 12:31:36+00:00
–ú–ì–£,,3613.0,0,23.0,2025-03-13 12:31:36+00:00
–ú–ì–£,"–õ–µ–≤ –†—É–¥–Ω–µ–≤ ‚Äî –≤—ã–¥–∞—é—â–∏–π—Å—è —Å–æ–≤–µ—Ç—Å–∫–∏–π –∞—Ä—Ö–∏—Ç–µ–∫—Ç–æ—Ä, —Å–æ–∑–¥–∞—Ç–µ–ª—å –ì–ª–∞–≤–Ω–æ–≥–æ –∑–¥–∞–Ω–∏—è –ú–ì–£
#270_–ú–ì–£

–õ–µ–≤ –†—É–¥–Ω–µ–≤ ‚Äî –≤—ã–¥–∞—é—â–∏–π—Å—è —Å–æ–≤–µ—Ç—Å–∫–∏–π –∞—Ä—Ö–∏—Ç–µ–∫—Ç–æ—Ä, –∞–∫–∞–¥–µ–º–∏–∫ –ê–∫–∞–¥–µ–º–∏–∏ –∞—Ä—Ö–∏—Ç–µ–∫—Ç—É—Ä—ã –°–°–°–†, –ª–∞—É—Ä–µ–∞—Ç –°—Ç–∞–ª–∏–Ω—Å–∫–æ–π –ø—Ä–µ–º–∏–∏. –í –∏—Å—Ç–æ—Ä–∏—é –æ–Ω –≤–æ—à—ë–ª –ø—Ä–µ–∂–¥–µ –≤—Å–µ–≥–æ –∫–∞–∫ –∞–≤—Ç–æ—Ä –∞–Ω—Å–∞–º–±–ª—è –ú–æ—Å–∫–æ–≤—Å–∫–æ–≥–æ —É–Ω–∏–≤–µ—Ä—Å–∏—Ç–µ—Ç–∞ –Ω–∞ –õ–µ–Ω–∏–Ω—Å–∫–∏—Ö –≥–æ—Ä–∞—Ö ‚Äî –æ–¥–Ω–æ–≥–æ –∏–∑ —Å–∞–º—ã—Ö –∑–Ω–∞–∫–æ–≤—ã—Ö –ø—Ä–æ–µ–∫—Ç–æ–≤ —Å—Ç–∞–ª–∏–Ω—Å–∫–æ–π —ç–ø–æ—Ö–∏. –ï–≥–æ –∞—Ä—Ö–∏—Ç–µ–∫—Ç—É—Ä–Ω—ã–π —Å—Ç–∏–ª—å —Å–æ—á–µ—Ç–∞–ª –∫–ª–∞—Å—Å–∏—á–µ—Å–∫—É—é –æ—Å–Ω–æ–≤—É —Å –º–∞—Å—à—Ç–∞–±–Ω–æ—Å—Ç—å—é –∏ –ø–æ–º–ø–µ–∑–Ω–æ—Å—Ç—å—é, —Ö–∞—Ä–∞–∫—Ç–µ—Ä–Ω—ã–º–∏ –¥–ª—è —Å—Ç–∞–ª–∏–Ω—Å–∫–æ–≥–æ –∞–º–ø–∏—Ä–∞. –ì–ª–∞–≤–Ω—ã–º —Ç–≤–æ—Ä–µ–Ω–∏–µ–º –†—É–¥–Ω–µ–≤–∞ —Å—Ç–∞–ª–æ –ì–ª–∞–≤–Ω–æ–µ –∑–¥–∞–Ω–∏–µ –ú–ì–£, –æ–ø—Ä–µ–¥–µ–ª–∏–≤—à–µ–µ –æ–±–ª–∏–∫ –ú–æ—Å–∫–≤—ã –Ω–∞ –≥–æ–¥—ã –≤–ø–µ—Ä—ë–¥.",3703.0,0,23.0,2025-03-13 12:31:36+00:00
–ú–ì–£,"–≠–º–±—Ä–∏–æ–Ω–∞–ª—å–Ω–æ–µ —Ä–∞–∑–≤–∏—Ç–∏–µ –±–µ–ª–æ–º–æ—Ä—Å–∫–æ–π –æ–ª–∏–≥–æ—Ö–µ—Ç—ã –æ–ø–∏—Å–∞–ª–∏ –≤ –ú–ì–£
#–Ω–∞—É–∫–∞_–º–≥—É

–°—Ç—É–¥–µ–Ω—Ç—ã –∏ —É—á—ë–Ω—ã–µ –±–∏–æ–ª–æ–≥–∏—á–µ—Å–∫–æ–≥–æ —Ñ–∞–∫—É–ª—å—Ç–µ—Ç–∞ –ú–ì–£ –æ–±–Ω–∞—Ä—É–∂–∏–ª–∏ –Ω–∞ –ë–µ–ª–æ–º –º–æ—Ä–µ –ø–µ—Ä—Å–ø–µ–∫—Ç–∏–≤–Ω–æ–≥–æ –∫–∞–Ω–¥–∏–¥–∞—Ç–∞ –¥–ª—è –∏–∑—É—á–µ–Ω–∏—è –±–∏–æ–ª–æ–≥–∏–∏ —Ä–∞–∑–≤–∏—Ç–∏—è –∫–æ–ª—å—á–∞—Ç—ã—Ö —á–µ—Ä–≤–µ–π. –†–µ—á—å –∏–¥–µ—Ç –æ –º–æ—Ä—Å–∫–æ–π –ª–∏—Ç–æ—Ä–∞–ª—å–Ω–æ–π –æ–ª–∏–≥–æ—Ö–µ—Ç–µ –∏–∑ —Ä–æ–¥–∞ Lumbricillus, –∫–æ—Ç–æ—Ä–∞—è –æ–±–ª–∞–¥–∞–µ—Ç —É–Ω–∏–∫–∞–ª—å–Ω—ã–º–∏ —Ö–∞—Ä–∞–∫—Ç–µ—Ä–∏—Å—Ç–∏–∫–∞–º–∏, –¥–µ–ª–∞—é—â–∏–º–∏ –µ—ë –∏–¥–µ–∞–ª—å–Ω–æ–π –¥–ª—è —Å—Ä–∞–≤–Ω–∏—Ç–µ–ª—å–Ω—ã—Ö –∏—Å—Å–ª–µ–¥–æ–≤–∞–Ω–∏–π —ç–≤–æ–ª—é—Ü–∏–∏ –∏ —Ä–∞–∑–≤–∏—Ç–∏—è –∞–Ω–Ω–µ–ª–∏–¥. –†–∞–±–æ—Ç–∞, –ø–æ–¥–¥–µ—Ä–∂–∞–Ω–Ω–∞—è –†–æ—Å—Å–∏–π—Å–∫–∏–º –Ω–∞—É—á–Ω—ã–º —Ñ–æ–Ω–¥–æ–º, –æ–ø—É–±–ª–∏–∫–æ–≤–∞–Ω–∞ –≤ –∂—É—Ä–Ω–∞–ª–µ Russian Journal of Developmental Biology. –û–Ω–∞ —è–≤–ª—è–µ—Ç—Å—è —Ä–µ–∑—É–ª—å—Ç–∞—Ç–æ–º –º–Ω–æ–≥–æ–ª–µ—Ç–Ω–µ–≥–æ –∏—Å—Å–ª–µ–¥–æ–≤–∞–Ω–∏—è, –∫–æ—Ç–æ—Ä–æ–µ –≤—ã—Ä–æ—Å–ª–æ –∏–∑ —Å—Ç—É–¥–µ–Ω—á–µ—Å–∫–æ–≥–æ –Ω–∞—É—á–Ω–æ–≥–æ –ø—Ä–æ–µ–∫—Ç–∞ –≤ —Ä–∞–º–∫–∞—Ö –ª–µ—Ç–Ω–µ–π –ø—Ä–∞–∫—Ç–∏–∫–∏ –Ω–∞ –ë–µ–ª–æ–º–æ—Ä—Å–∫–æ–π –±–∏–æ–ª–æ–≥–∏—á–µ—Å–∫–æ–π —Å—Ç–∞–Ω—Ü–∏–∏ (–ë–ë–°) –ú–ì–£.¬†

–û–ª–∏–≥–æ—Ö–µ—Ç–∞–º–∏ –Ω–∞–∑—ã–≤–∞—é—Ç –º–∞–ª–æ—â–µ—Ç–∏–Ω–∫–æ–≤—ã—Ö —á–µ—Ä–≤–µ–π, –∫ –≥—Ä—É–ø–ø–µ –∫–æ—Ç–æ—Ä—ã—Ö –æ—Ç–Ω–æ—Å—è—Ç—Å—è –≤—Å–µ–º –∏–∑–≤–µ—Å—Ç–Ω—ã–µ —Ç—Ä—É–±–æ—á–Ω–∏–∫ –∏ –¥–æ–∂–¥–µ–≤–æ–π —á–µ—Ä–≤—å. –ù–∞ —ç—Ç–æ—Ç —Ç–∏–ø —á–µ—Ä–≤—è –≤–æ –≤—Ä–µ–º—è –ª–µ—Ç–Ω–µ–π —Å—Ç—É–¥–µ–Ω—á–µ—Å–∫–æ–π –ø—Ä–∞–∫—Ç–∏–∫–∏ –∞–≤—Ç–æ—Ä—ã –æ–±—Ä–∞—Ç–∏–ª–∏ –≤–Ω–∏–º–∞–Ω–∏–µ, –ø–æ—Å–∫–æ–ª—å–∫—É –æ–Ω –º–∞—Å—Å–æ–≤–æ –≤—Å—Ç—Ä–µ—á–∞–µ—Ç—Å—è –Ω–∞ –ª–∏—Ç–æ—Ä–∞–ª–∏ –≤ —ç—Ç–æ—Ç –ø–µ—Ä–∏–æ–¥.¬†

–û–∫–∞–∑–∞–ª–æ—Å—å, —á—Ç–æ —ç–º–±—Ä–∏–æ–Ω–∞–ª—å–Ω–æ–µ —Ä–∞–∑–≤–∏—Ç–∏–µ —á–µ—Ä–≤—è –æ–±–ª–∞–¥–∞–µ—Ç —Ö–∞—Ä–∞–∫—Ç–µ—Ä–Ω—ã–º–∏ –¥–ª—è –æ–ª–∏–≥–æ—Ö–µ—Ç —á–µ—Ä—Ç–∞–º–∏ ‚Äì –æ—á–µ–Ω—å —É–ø–æ—Ä—è–¥–æ—á–µ–Ω–Ω—ã–º –Ω–µ—Ä–∞–≤–Ω–æ–º–µ—Ä–Ω—ã–º —Å–ø–∏—Ä–∞–ª—å–Ω—ã–º –¥—Ä–æ–±–ª–µ–Ω–∏–µ–º, —Ñ–æ—Ä–º–∏—Ä–æ–≤–∞–Ω–∏–µ–º —Ç–µ–ª–æ–±–ª–∞—Å—Ç–æ–≤, —Å–ø–µ—Ü–∏—Ñ–∏—á–µ—Å–∫–∏—Ö –∫–ª–µ—Ç–æ–∫, –¥–∞—é—â–∏—Ö –Ω–∞—á–∞–ª–æ —ç–∫—Ç–æ–¥–µ—Ä–º–µ –∏ –º–µ–∑–æ–¥–µ—Ä–º–µ. –°—Ä–µ–¥–∏ –∫–ª—é—á–µ–≤—ã—Ö –æ—Å–æ–±–µ–Ω–Ω–æ—Å—Ç–µ–π –æ–ø–∏—Å–∞–Ω–Ω–æ–≥–æ –≤–∏–¥–∞ ‚Äì –¥–æ—Å—Ç—É–ø–Ω–æ—Å—Ç—å –¥–ª—è –∏—Å—Å–ª–µ–¥–æ–≤–∞–Ω–∏—è –≤ –ª–µ—Ç–Ω–∏–π –ø–µ—Ä–∏–æ–¥, –ø—Ä–æ—Å—Ç–æ—Ç–∞ —Å–æ–¥–µ—Ä–∂–∞–Ω–∏—è –≤ –ª–∞–±–æ—Ä–∞—Ç–æ—Ä–∏–∏, –∞ —Ç–∞–∫–∂–µ —É–¥–∏–≤–∏—Ç–µ–ª—å–Ω–∞—è —Å–∏–Ω—Ö—Ä–æ–Ω–Ω–æ—Å—Ç—å —ç–º–±—Ä–∏–æ–Ω–∞–ª—å–Ω–æ–≥–æ —Ä–∞–∑–≤–∏—Ç–∏—è –∏ —Å—Ç–∞–±–∏–ª—å–Ω–æ—Å—Ç—å –Ω–∞–±–ª—é–¥–∞–µ–º—ã—Ö –∫–ª–µ—Ç–æ—á–Ω—ã—Ö –ø–∞—Ç—Ç–µ—Ä–Ω–æ–≤. –ê–≤—Ç–æ—Ä—ã —Å—Ç–∞—Ç—å–∏ –Ω–µ —Ç–æ–ª—å–∫–æ –æ–ø–∏—Å–∞–ª–∏ –æ—Å–æ–±–µ–Ω–Ω–æ—Å—Ç–∏ —Ä–∞–Ω–Ω–µ–≥–æ —Ä–∞–∑–≤–∏—Ç–∏—è —ç—Ç–æ–≥–æ –≤–∏–¥–∞, –Ω–æ –∏ –ø–æ–¥—Ç–≤–µ—Ä–¥–∏–ª–∏ –µ–≥–æ —Ç–∞–∫—Å–æ–Ω–æ–º–∏—á–µ—Å–∫—É—é –ø—Ä–∏–Ω–∞–¥–ª–µ–∂–Ω–æ—Å—Ç—å —Å –ø–æ–º–æ—â—å—é –º–æ–ª–µ–∫—É–ª—è—Ä–Ω–æ-–≥–µ–Ω–µ—Ç–∏—á–µ—Å–∫–æ–≥–æ –∞–Ω–∞–ª–∏–∑–∞.¬†

–ü–æ–¥—Ä–æ–±–Ω–µ–µ ‚Äî –Ω–∞ —Å–∞–π—Ç–µ.",6800.0,0,29.0,2025-03-13 10:37:32+00:00
–ú–ì–£,,4668.0,0,87.0,2025-03-13 08:04:52+00:00
–ú–ì–£,,4762.0,0,87.0,2025-03-13 08:04:52+00:00
–ú–ì–£,,4919.0,0,88.0,2025-03-13 08:04:52+00:00
–ú–ì–£,,4592.0,0,88.0,2025-03-13 08:04:52+00:00
–ú–ì–£,,4617.0,0,88.0,2025-03-13 08:04:52+00:00
–ú–ì–£,,4641.0,0,88.0,2025-03-13 08:04:52+00:00
–ú–ì–£,,4571.0,0,89.0,2025-03-13 08:04:52+00:00
–ú–ì–£,,4515.0,0,87.0,2025-03-13 08:04:52+00:00
–ú–ì–£,,4355.0,0,87.0,2025-03-13 08:04:52+00:00
–ú–ì–£,"–í—Å–µ–º–∏—Ä–Ω—ã–π –¥–µ–Ω—å –ø–æ—á–µ–∫¬†
#–æ—Ç–º–µ—á–∞–µ–º_–º–≥—É

–°–µ–≥–æ–¥–Ω—è, 13 –º–∞—Ä—Ç–∞, –æ—Ç–º–µ—á–∞–µ—Ç—Å—è –í—Å–µ–º–∏—Ä–Ω—ã–π‚Äã –¥–µ–Ω—å –ø–æ—á–∫–∏. –ú—ã –ø–æ–æ–±—â–∞–ª–∏—Å—å —Å –ï–ª–µ–Ω–æ–π –®–∞—Ö–Ω–æ–≤–æ–π, –∑–∞–≤–µ–¥—É—é—â–µ–π –æ—Ç–¥–µ–ª–µ–Ω–∏–µ–º –Ω–µ—Ñ—Ä–æ–ª–æ–≥–∏–∏ –£–Ω–∏–≤–µ—Ä—Å–∏—Ç–µ—Ç—Å–∫–æ–π –∫–ª–∏–Ω–∏–∫–∏ –ú–ù–û–ò –ú–ì–£, –∏ —É–∑–Ω–∞–ª–∏, –∫–∞–∫–∏–º –∑–æ–ª–æ—Ç—ã–º –ø—Ä–∞–≤–∏–ª–∞–º –Ω—É–∂–Ω–æ —Å–ª–µ–¥–æ–≤–∞—Ç—å, —á—Ç–æ–±—ã —Å–æ—Ö—Ä–∞–Ω–∏—Ç—å –ø–æ—á–∫–∏ –∑–¥–æ—Ä–æ–≤—ã–º–∏.¬†

–ß–∏—Ç–∞–π—Ç–µ –≤ –∫–∞—Ä—Ç–æ—á–∫–∞—Ö!¬†",4498.0,0,90.0,2025-03-13 08:04:52+00:00
–ú–ì–£,"–î–µ–Ω—å –¥–æ–Ω–æ—Ä–∞ –ú–ì–£ –∏—â–µ—Ç –ø–æ–º–æ—â–Ω–∏–∫–æ–≤!‚ù§Ô∏è
#–≤–æ–∑–º–æ–∂–Ω–æ—Å—Ç–∏_–º–≥—É

17-21 –∏ 24-25 –º–∞—Ä—Ç–∞ –≤ –ú–æ—Å–∫–æ–≤—Å–∫–æ–º —É–Ω–∏–≤–µ—Ä—Å–∏—Ç–µ—Ç–µ —Å–æ—Å—Ç–æ–∏—Ç—Å—è —Å–∞–º–∞—è –¥–æ–±—Ä–∞—è –∞–∫—Ü–∏—è ‚Äì –î–µ–Ω—å –¥–æ–Ω–æ—Ä–∞ –ú–ì–£. –ï—Å–ª–∏ –≤—ã —Ö–æ—Ç–∏—Ç–µ –ø–æ–¥–¥–µ—Ä–∂–∞—Ç—å —Ç–µ—Ö, –∫—Ç–æ –ø—Ä–∏—à–µ–ª —Å–¥–∞—Ç—å –∫—Ä–æ–≤—å, –∏ –ø–æ–º–æ—á—å –∏–º —Å–æ—Ä–∏–µ–Ω—Ç–∏—Ä–æ–≤–∞—Ç—å—Å—è –≤ –ø–æ–ª–∏–∫–ª–∏–Ω–∏–∫–µ –ú–ù–û–ò –ú–ì–£, –≥–¥–µ –±—É–¥–µ—Ç –ø—Ä–æ—Ö–æ–¥–∏—Ç—å –∞–∫—Ü–∏—è, ‚Äì  —Å—Ç–∞–Ω—å—Ç–µ –≤–æ–ª–æ–Ω—Ç–µ—Ä–æ–º –Ω–∞ –º–µ—Ä–æ–ø—Ä–∏—è—Ç–∏–∏! –≠—Ç–æ —É–Ω–∏–∫–∞–ª—å–Ω–∞—è –≤–æ–∑–º–æ–∂–Ω–æ—Å—Ç—å —Å—Ç–∞—Ç—å —á–∞—Å—Ç—å—é –¥—Ä—É–∂–Ω–æ–π –∫–æ–º–∞–Ω–¥—ã. 

–ß—Ç–æ–±—ã –ø—Ä–∏—Å–æ–µ–¥–∏–Ω–∏—Ç—å—Å—è –∫ –æ—Ä–≥–∞–Ω–∏–∑–∞—Ç–æ—Ä–∞–º –∞–∫—Ü–∏–∏, –∑–∞–ø–æ–ª–Ω–∏—Ç–µ —Ñ–æ—Ä–º—É —Å–µ–≥–æ–¥–Ω—è –¥–æ 23:59.

–î–∞–≤–∞–π—Ç–µ –≤–º–µ—Å—Ç–µ –ø—Ä–æ–≤–µ–¥–µ–º –≤–µ—Å–µ–Ω–Ω–∏–π –î–µ–Ω—å –¥–æ–Ω–æ—Ä–∞ –ú–ì–£!",4657.0,0,23.0,2025-03-12 15:30:45+00:00
–ú–ì–£,"–ê—Ñ–∏—à–∞ –ú–ì–£: —á—Ç–æ, –≥–¥–µ, –∫–æ–≥–¥–∞ 
 
12 –º–∞—Ä—Ç–∞ 
 
‚Ä¢ –í–µ—á–Ω—ã–π ¬´–†–µ–∫–≤–∏–µ–º¬ª –ú–æ—Ü–∞—Ä—Ç–∞ –≤ –∏—Å–ø–æ–ª–Ω–µ–Ω–∏–∏ –ê–∫–∞–¥–µ–º–∏—á–µ—Å–∫–æ–≥–æ —Ö–æ—Ä–∞ –∏ –°–∏–º—Ñ–æ–Ω–∏—á–µ—Å–∫–æ–≥–æ –æ—Ä–∫–µ—Å—Ç—Ä–∞ –ú–ì–£; 
 
‚Ä¢ –∫–≤–∏–∑ –æ—Ç –ü—Ä–æ—Ñ–∫–æ–º–∞ –ú–ì–£. 
 
13 –º–∞—Ä—Ç–∞ 
 
‚Ä¢ –ª–µ–∫—Ü–∏—è ¬´3D-–ª–∞–±–∏—Ä–∏–Ω—Ç: –Ω–∞—É–∫–∞, —Ç–µ—Ö–Ω–∏–∫–∞, –∏—Å–∫—É—Å—Å—Ç–≤–æ¬ª –Ω–∞ –í–ú–ö; 
 
‚Ä¢ —Å–æ–≤–º–µ—Å—Ç–Ω–æ–µ –∑–∞—Å–µ–¥–∞–Ω–∏–µ –Ω–∞—É—á–Ω—ã—Ö —Å—Ç—É–¥–µ–Ω—á–µ—Å–∫–∏—Ö –∫—Ä—É–∂–∫–æ–≤ –Ω–∞ —é—Ä—Ñ–∞–∫–µ. 
 
14 –º–∞—Ä—Ç–∞ 
 
‚Ä¢ –∑–∏–º–Ω–∏–π –∫—É–±–æ–∫ –ß–ì–ö –Ω–∞ –§–ì–£; 
 
‚Ä¢ –≥–∏—Ç–∞—Ä–Ω—ã–π –≤–µ—á–µ—Ä –Ω–∞ –í–ú–ö. 
 
15 –º–∞—Ä—Ç–∞ 
 
‚Ä¢ –ª–µ–∫—Ü–∏—è ¬´–ú–∞—à–∏–Ω–Ω–æ–µ –æ–±—É—á–µ–Ω–∏–µ –≤ —Ä–µ–≥—É–ª—è—Ä–Ω–æ–π –≥–µ–Ω–æ–º–∏–∫–µ –∏ —Å–∏–Ω—Ç–µ—Ç–∏—á–µ—Å–∫–æ–π –±–∏–æ–ª–æ–≥–∏–∏¬ª –Ω–∞ –§–ë–ë; 
 
‚Ä¢ –º–∞—Å—Ç–µ—Ä-–∫–ª–∞—Å—Å ¬´–°–æ–≤—Ä–µ–º–µ–Ω–Ω—ã–µ —Å—Ç–∞–Ω–¥–∞—Ä—Ç—ã –∞–∫–∞–¥–µ–º–∏—á–µ—Å–∫–æ–≥–æ –ø–∏—Å—å–º–∞: –º–µ–Ω—è (–Ω–∏–∫–æ–≥–¥–∞ –Ω–µ) –æ–ø—É–±–ª–∏–∫—É—é—Ç –≤ Nature?¬ª –Ω–∞ —Ñ–∞–∫—É–ª—å—Ç–µ—Ç–µ –ø—Å–∏—Ö–æ–ª–æ–≥–∏–∏. 
 
19 –º–∞—Ä—Ç–∞ 
 
‚Ä¢ –ø–µ—Ä–≤—ã–π –æ–Ω–ª–∞–π–Ω-—Å–µ–º–∏–Ω–∞—Ä –∏–∑ —Ü–∏–∫–ª–∞ –Ω–∞—É—á–Ω–æ-–ø—Ä–∞–∫—Ç–∏—á–µ—Å–∫–∏—Ö —Å–µ–º–∏–Ω–∞—Ä–æ–≤ ¬´–î–∏–∞–ª–æ–≥–∏ –æ –Ω–∞–ª–æ–≥–∞—Ö¬ª –Ω–∞ –í–®–ì–ê; 
 
‚Ä¢ –æ—Ç–∫—Ä—ã—Ç–∞—è –æ–Ω–ª–∞–π–Ω-–ª–µ–∫—Ü–∏—è ¬´–í–ª–∏—è–Ω–∏–µ –∑–Ω–∞–Ω–∏—è –∏–Ω–æ—Å—Ç—Ä–∞–Ω–Ω–æ–≥–æ —è–∑—ã–∫–∞ –Ω–∞ –≤–∞—à–µ –ø—Ä–æ—Ñ–µ—Å—Å–∏–æ–Ω–∞–ª—å–Ω–æ–µ –±—É–¥—É—â–µ–µ¬ª –Ω–∞ –§–ú–ü. 
 
21 –º–∞—Ä—Ç–∞ ‚Äì –≥–∞–ª–∞-–∫–æ–Ω—Ü–µ—Ä—Ç –°—Ç—É–¥–≤–µ—Å–Ω—ã –ú–ì–£. 
 
–ê —Ç–∞–∫–∂–µ: 
 
‚Ä¢ –®–∞—Ö–º–∞—Ç–Ω—ã–π –∫–ª—É–± –ú–ì–£ –æ–±—ä—è–≤–ª—è–µ—Ç –æ –ø—Ä–æ–≤–µ–¥–µ–Ω–∏–∏ –æ—á–µ—Ä–µ–¥–Ω–æ–≥–æ –º–µ–∂—Ñ–∞–∫—É–ª—å—Ç–µ—Ç—Å–∫–æ–≥–æ —à–∞—Ö–º–∞—Ç–Ω–æ–≥–æ —Ç—É—Ä–Ω–∏—Ä–∞; 
 
‚Ä¢ –æ—Ç–∫—Ä—ã—Ç –ø—Ä–∏–µ–º –∑–∞—è–≤–æ–∫ –Ω–∞ —Å—Ç—É–¥–µ–Ω—á–µ—Å–∫—É—é –∫–æ–Ω—Ñ–µ—Ä–µ–Ω—Ü–∏—é ¬´–Æ–≥–æ-–í–æ—Å—Ç–æ—á–Ω–∞—è –ê–∑–∏—è: –æ—Ç —Ç—Ä–∞–¥–∏—Ü–∏–π –∫ —Å–æ–≤—Ä–µ–º–µ–Ω–Ω–æ—Å—Ç–∏¬ª.",4466.0,0,15.0,2025-03-12 13:05:43+00:00
–ú–ì–£,"–í –ú–ì–£ –ø—Ä–µ–¥–ª–æ–∂–∏–ª–∏ —Ä–µ—à–µ–Ω–∏—è –¥–ª—è –±–æ—Ä—å–±—ã —Å –ø–∞–≤–æ–¥–∫–∞–º–∏ –≤ –Ø–∫—É—Ç—Å–∫–µ
#–Ω–∞—É–∫–∞_–º–≥—É

–ì—Ä—É–ø–ø–∞ –∏—Å—Å–ª–µ–¥–æ–≤–∞—Ç–µ–ª–µ–π –≥–µ–æ–≥—Ä–∞—Ñ–∏—á–µ—Å–∫–æ–≥–æ —Ñ–∞–∫—É–ª—å—Ç–µ—Ç–∞ –ú–ì–£ –ø—Ä–µ–¥—Å—Ç–∞–≤–∏–ª–∞ —Ä–µ–∑—É–ª—å—Ç–∞—Ç—ã –º–Ω–æ–≥–æ–ª–µ—Ç–Ω–µ–≥–æ –∞–Ω–∞–ª–∏–∑–∞ –ø–æ–π–º—ã —Ä–µ–∫–∏ –õ–µ–Ω—ã –≤ —Ä–∞–π–æ–Ω–µ –≥–æ—Ä–æ–¥–∞ –Ø–∫—É—Ç—Å–∫. –í —Å—Ç–∞—Ç—å–µ, –æ–ø—É–±–ª–∏–∫–æ–≤–∞–Ω–Ω–æ–π –≤ –∂—É—Ä–Ω–∞–ª–µ ¬´–ü—Ä–∏—Ä–æ–¥–Ω—ã–µ —Ä–µ—Å—É—Ä—Å—ã –ê—Ä–∫—Ç–∏–∫–∏ –∏ –°—É–±–∞—Ä–∫—Ç–∏–∫–∏¬ª, —É—á–µ–Ω—ã–µ –ø—Ä–µ–¥–ª–∞–≥–∞—é—Ç –∫–æ–Ω–∫—Ä–µ—Ç–Ω—ã–µ —Ä–µ—à–µ–Ω–∏—è –ø–æ –∑–∞—â–∏—Ç–µ –æ—Ç –ø–∞–≤–æ–¥–∫–æ–≤ –∏ –≤–æ—Å—Å—Ç–∞–Ω–æ–≤–ª–µ–Ω–∏—é –ø—Ä–∏—Ä–æ–¥–Ω—ã—Ö —ç–∫–æ—Å–∏—Å—Ç–µ–º –ø–æ–π–º—ã, –±–æ–ª–µ–µ 30% –∫–æ—Ç–æ—Ä—ã—Ö –∏–º–µ—é—Ç —Å—Ä–µ–¥–Ω—é—é –∏–ª–∏ —Å–∏–ª—å–Ω—É—é —Å—Ç–µ–ø–µ–Ω—å –Ω–∞—Ä—É—à–µ–Ω–∏—è.

–ü–æ–π–º–∞ —Ä–µ–∫–∏ –õ–µ–Ω—ã –≤ –¥–æ–ª–∏–Ω–µ –¢—É–π–º–∞–∞–¥–∞, –≥–¥–µ —Ä–∞—Å–ø–æ–ª–æ–∂–µ–Ω—ã —Å—Ç–æ–ª–∏—Ü–∞ –Ø–∫—É—Ç–∏–∏ –∏ –Ω–µ—Å–∫–æ–ª—å–∫–æ –∫—Ä—É–ø–Ω—ã—Ö –ø–æ—Å–µ–ª–µ–Ω–∏–π, —è–≤–ª—è–µ—Ç—Å—è –∑–æ–Ω–æ–π —Ä–µ–≥—É–ª—è—Ä–Ω—ã—Ö –∑–∞—Ç–æ–ø–ª–µ–Ω–∏–π. –õ–µ–¥–æ–≤—ã–µ –∑–∞—Ç–æ—Ä—ã –≤–µ—Å–Ω–æ–π –ø–æ–¥–Ω–∏–º–∞—é—Ç —É—Ä–æ–≤–µ–Ω—å –≤–æ–¥—ã –Ω–∞ 11‚Äì13 –º–µ—Ç—Ä–æ–≤, —á—Ç–æ —É–≥—Ä–æ–∂–∞–µ—Ç –∂–∏–∑–Ω—è–º –ª—é–¥–µ–π, –Ω–∞–Ω–æ—Å–∏—Ç —É—â–µ—Ä–± –æ–±—ä–µ–∫—Ç–∞–º –∏–Ω—Ñ—Ä–∞—Å—Ç—Ä—É–∫—Ç—É—Ä—ã –∏ –æ–∫—Ä—É–∂–∞—é—â–µ–π —Å—Ä–µ–¥–µ. –î–ª—è –∑–∞—â–∏—Ç—ã –æ—Ç –Ω–∞–≤–æ–¥–Ω–µ–Ω–∏–π –±—ã–ª–∞ —Å–æ–∑–¥–∞–Ω–∞ —Å–µ—Ç—å –≤–æ–¥–æ–∑–∞—â–∏—Ç–Ω—ã—Ö –¥–∞–º–±, –æ–¥–Ω–∞–∫–æ –æ–Ω–∏ –ø–æ–≤–ª–∏—è–ª–∏ –Ω–∞ —ç–∫–æ–ª–æ–≥–∏—á–µ—Å–∫–æ–µ —Å–æ—Å—Ç–æ—è–Ω–∏–µ –ø–æ–π–º—ã, –ø—Ä–∏–≤–µ–¥—è –∫ –∑–∞–±–æ–ª–∞—á–∏–≤–∞–Ω–∏—é –æ–¥–Ω–∏—Ö —É—á–∞—Å—Ç–∫–æ–≤ –∏ –∏—Å—Å—É—à–µ–Ω–∏—é –¥—Ä—É–≥–∏—Ö.

–í —Ö–æ–¥–µ –ø—Ä–æ–≤–µ–¥–µ–Ω–Ω–æ–≥–æ –∏—Å—Å–ª–µ–¥–æ–≤–∞–Ω–∏—è —Ä–∞–∑—Ä–∞–±–æ—Ç–∞–Ω —Ä—è–¥ –∫–æ–Ω–∫—Ä–µ—Ç–Ω—ã—Ö —à–∞–≥–æ–≤ –¥–ª—è –º–∏–Ω–∏–º–∏–∑–∞—Ü–∏–∏ —Ç–µ—Ö–Ω–æ–≥–µ–Ω–Ω–æ–≥–æ –≤–æ–∑–¥–µ–π—Å—Ç–≤–∏—è –Ω–∞ –ø–æ–π–º—É —Ä–µ–∫–∏ –õ–µ–Ω—ã –∏ –≤–æ—Å—Å—Ç–∞–Ω–æ–≤–ª–µ–Ω–∏—è –µ–µ —ç–∫–æ–ª–æ–≥–∏—á–µ—Å–∫–æ–≥–æ –±–∞–ª–∞–Ω—Å–∞. –í–∞–∂–Ω–æ–π –º–µ—Ä–æ–π —è–≤–ª—è–µ—Ç—Å—è –≤–æ—Å—Å—Ç–∞–Ω–æ–≤–ª–µ–Ω–∏–µ –¥—Ä–µ–Ω–∞–∂–Ω–æ–π —Å–∏—Å—Ç–µ–º—ã —á–µ—Ä–µ–∑ –æ—á–∏—â–µ–Ω–∏–µ —Ä—É—Å–µ–ª –ø—Ä–æ—Ç–æ–∫. –≠—Ç–æ –ø–æ–º–æ–∂–µ—Ç –ø—Ä–µ–¥–æ—Ç–≤—Ä–∞—Ç–∏—Ç—å –∑–∞–±–æ–ª–∞—á–∏–≤–∞–Ω–∏–µ –∏ –ø–æ–¥—Ç–æ–ø–ª–µ–Ω–∏–µ –æ—Ç–¥–µ–ª—å–Ω—ã—Ö —É—á–∞—Å—Ç–∫–æ–≤ –ø–æ–π–º—ã. –î—Ä—É–≥–æ–π –Ω–µ–æ–±—Ö–æ–¥–∏–º—ã–π —ç—Ç–∞–ø ‚Äì —ç—Ç–æ –º–æ–¥–µ—Ä–Ω–∏–∑–∞—Ü–∏—è –≤–æ–¥–æ–∑–∞—â–∏—Ç–Ω—ã—Ö —Å–æ–æ—Ä—É–∂–µ–Ω–∏–π. –ú–Ω–æ–≥–∏–µ —Å—É—â–µ—Å—Ç–≤—É—é—â–∏–µ –¥–∞–º–±—ã –∏ –Ω–∞—Å—ã–ø–∏ –ø—Ä–µ–ø—è—Ç—Å—Ç–≤—É—é—Ç –Ω–æ—Ä–º–∞–ª—å–Ω–æ–π —Ü–∏—Ä–∫—É–ª—è—Ü–∏–∏ –≤–æ–¥—ã –¥–ª—è –≤–æ—Å—Å—Ç–∞–Ω–æ–≤–ª–µ–Ω–∏—è –µ—Å—Ç–µ—Å—Ç–≤–µ–Ω–Ω–æ–≥–æ –≥–∏–¥—Ä–æ–ª–æ–≥–∏—á–µ—Å–∫–æ–≥–æ —Ä–µ–∂–∏–º–∞ –∏ —É–ª—É—á—à–µ–Ω–∏—è —Å—Ç–æ–∫–∞ –ø–∞–≤–æ–¥–∫–æ–≤—ã—Ö –≤–æ–¥. –£—á–µ–Ω—ã–µ —Ç–∞–∫–∂–µ —Ä–µ–∫–æ–º–µ–Ω–¥—É—é—Ç —Ä–∞–∑–≤–∏–≤–∞—Ç—å –∑–µ–ª–µ–Ω—ã–µ –∑–æ–Ω—ã –∏ –±–ª–∞–≥–æ—É—Å—Ç—Ä–∞–∏–≤–∞—Ç—å —É—Ä–æ—á–∏—â–∞ –¥–ª—è –≤–æ—Å—Å—Ç–∞–Ω–æ–≤–ª–µ–Ω–∏—è –ø—Ä–∏—Ä–æ–¥–Ω–æ–≥–æ –ª–∞–Ω–¥—à–∞—Ñ—Ç–∞ –≤ –∑–æ–Ω–µ —Ç–µ—Ö–Ω–æ–≥–µ–Ω–Ω–æ–π –∑–∞—Å—Ç—Ä–æ–π–∫–∏. –≠—Ç–∏ –º–µ—Ä—ã –±—É–¥—É—Ç —Å–ø–æ—Å–æ–±—Å—Ç–≤–æ–≤–∞—Ç—å —Å–æ—Ö—Ä–∞–Ω–µ–Ω–∏—é –±–∏–æ—Ä–∞–∑–Ω–æ–æ–±—Ä–∞–∑–∏—è –∏ —É–ª—É—á—à–µ–Ω–∏—é –∫–∞—á–µ—Å—Ç–≤–∞ –≥–æ—Ä–æ–¥—Å–∫–æ–π —Å—Ä–µ–¥—ã. –ê —Ç–∞–∫–∂–µ —Å–æ–±–ª—é–¥–∞—Ç—å –∫–æ–Ω—Ç—Ä–æ–ª—å –∑–∞ —Å—Ç—Ä–æ–∏—Ç–µ–ª—å—Å—Ç–≤–æ–º –≤ –Ω–∏–∑–º–µ–Ω–Ω—ã—Ö –∑–æ–Ω–∞—Ö, —á—Ç–æ–±—ã –∏—Å–∫–ª—é—á–∏—Ç—å –≤–µ—Ä–æ—è—Ç–Ω–æ—Å—Ç—å –∑–∞—Ç–æ–ø–ª–µ–Ω–∏—è –∏ –∑–∞–±–æ–ª–∞—á–∏–≤–∞–Ω–∏—è.

–ò—Å—Å–ª–µ–¥–æ–≤–∞–Ω–∏–µ —É—á–µ–Ω—ã—Ö –ú–æ—Å–∫–æ–≤—Å–∫–æ–≥–æ —É–Ω–∏–≤–µ—Ä—Å–∏—Ç–µ—Ç–∞ –ø—Ä–µ–¥–æ—Å—Ç–∞–≤–ª—è–µ—Ç –æ—Å–Ω–æ–≤—É –¥–ª—è –ø—Ä–∏–Ω—è—Ç–∏—è —Ä–µ—à–µ–Ω–∏–π –æ —Å—Ç—Ä–æ–∏—Ç–µ–ª—å—Å—Ç–≤–µ –∏ –º–æ–¥–µ—Ä–Ω–∏–∑–∞—Ü–∏–∏ –≤–æ–¥–æ–∑–∞—â–∏—Ç–Ω—ã—Ö —Å–æ–æ—Ä—É–∂–µ–Ω–∏–π, —Å–Ω–∏–∂–µ–Ω–∏–∏ –Ω–µ–≥–∞—Ç–∏–≤–Ω–æ–≥–æ –≤–ª–∏—è–Ω–∏—è —É—Ä–±–∞–Ω–∏–∑–∞—Ü–∏–∏ –∏ —Å–æ—Ö—Ä–∞–Ω–µ–Ω–∏–∏ –ø—Ä–∏—Ä–æ–¥–Ω—ã—Ö –∫–æ–º–ø–ª–µ–∫—Å–æ–≤ –ø–æ–π–º—ã –õ–µ–Ω—ã. –≠—Ç–∏ —Ä–µ–∫–æ–º–µ–Ω–¥–∞—Ü–∏–∏ –º–æ–≥—É—Ç –±—ã—Ç—å –≤–∫–ª—é—á–µ–Ω—ã –≤ –ø—Ä–æ–µ–∫—Ç—ã –∫–æ–º–ø–ª–µ–∫—Å–Ω–æ–π –ø—Ä–æ—Ç–∏–≤–æ–ø–∞–≤–æ–¥–∫–æ–≤–æ–π –∑–∞—â–∏—Ç—ã —Ä–µ–≥–∏–æ–Ω–∞, —Ä–∞–∑—Ä–∞–±–∞—Ç—ã–≤–∞–µ–º—ã–µ –Ω–∞ —É—Ä–æ–≤–Ω–µ —Ä–µ—Å–ø—É–±–ª–∏–∫–∏.

–ü–æ–¥—Ä–æ–±–Ω–µ–µ ‚Äì –Ω–∞ —Å–∞–π—Ç–µ.",3975.0,0,11.0,2025-03-12 10:41:14+00:00
–ú–ì–£,,4511.0,0,30.0,2025-03-12 07:31:24+00:00
–ú–ì–£,,4849.0,0,30.0,2025-03-12 07:31:24+00:00
–ú–ì–£,,5049.0,0,28.0,2025-03-12 07:31:24+00:00
–ú–ì–£,,4662.0,0,29.0,2025-03-12 07:31:24+00:00
–ú–ì–£,,4545.0,0,30.0,2025-03-12 07:31:24+00:00
–ú–ì–£,,4795.0,0,29.0,2025-03-12 07:31:24+00:00
–ú–ì–£,,4380.0,0,31.0,2025-03-12 07:31:24+00:00
–ú–ì–£,,4557.0,0,28.0,2025-03-12 07:31:24+00:00
–ú–ì–£,,4479.0,0,29.0,2025-03-12 07:31:24+00:00
–ú–ì–£,"–ê–±–∏—Ç—É—Ä–∏–µ–Ω—Ç—ã –§–ò–Ø–†, –ø—Ä–∏–µ–º!
#–ø–æ—Å—Ç—É–ø–∞–π–ø—Ä–∞–≤–∏–ª—å–Ω–æ

–ï—Å–ª–∏ –≤—ã –≥–æ—Ä–∏—Ç–µ –∂–µ–ª–∞–Ω–∏–µ–º –Ω–µ —Ç–æ–ª—å–∫–æ –æ—Ç–ª–∏—á–Ω–æ –≤—ã—É—á–∏—Ç—å –∏–Ω–æ—Å—Ç—Ä–∞–Ω–Ω—ã–π —è–∑—ã–∫, –Ω–æ –∏ –≥–ª—É–±–∂–µ –ø–æ–Ω—è—Ç—å –æ—Å–æ–±–µ–Ω–Ω–æ—Å—Ç–∏ –¥—Ä—É–≥–∏—Ö —Å—Ç—Ä–∞–Ω, –∏—Ö —Ç—Ä–∞–¥–∏—Ü–∏–∏, –∏—Å—Ç–æ—Ä–∏—é –∏ —Å–æ–≤—Ä–µ–º–µ–Ω–Ω—É—é –∂–∏–∑–Ω—å, —Ç–æ —Ñ–∞–∫—É–ª—å—Ç–µ—Ç –∏–Ω–æ—Å—Ç—Ä–∞–Ω–Ω—ã—Ö —è–∑—ã–∫–æ–≤ –∏ —Ä–µ–≥–∏–æ–Ω–æ–≤–µ–¥–µ–Ω–∏—è –ú–ì–£ —Ç–æ—á–Ω–æ –¥–ª—è –≤–∞—Å! –ò–º–µ–Ω–Ω–æ –∑–¥–µ—Å—å –≤—ã —Å–º–æ–∂–µ—Ç–µ –ø–æ–≥—Ä—É–∑–∏—Ç—å—Å—è –≤ —É–≤–ª–µ–∫–∞—Ç–µ–ª—å–Ω—ã–π –º–∏—Ä –ª–∏–Ω–≥–≤–∏—Å—Ç–∏–∫–∏, –∫—É–ª—å—Ç—É—Ä–æ–ª–æ–≥–∏–∏ –∏ –º–µ–∂–¥—É–Ω–∞—Ä–æ–¥–Ω—ã—Ö –∏—Å—Å–ª–µ–¥–æ–≤–∞–Ω–∏–π, –∫–æ—Ç–æ—Ä—ã–µ –ø–æ–º–æ–≥—É—Ç –≤–∞–º —Å—Ç–∞—Ç—å –ø—Ä–æ—Ñ–µ—Å—Å–∏–æ–Ω–∞–ª–æ–º, –≥–æ—Ç–æ–≤—ã–º –∫ —Ä–∞–±–æ—Ç–µ –≤ –≥–ª–æ–±–∞–ª–∏–∑–∏—Ä–æ–≤–∞–Ω–Ω–æ–º –º–∏—Ä–µ. 

–õ–∏—Å—Ç–∞–π—Ç–µ –∫–∞—Ä—Ç–æ—á–∫–∏, —á—Ç–æ–±—ã —É–∑–Ω–∞—Ç—å –≤—Å–µ —Å–∞–º–æ–µ –≤–∞–∂–Ω–æ–µ –æ –ø–æ—Å—Ç—É–ø–ª–µ–Ω–∏–∏!",4471.0,0,28.0,2025-03-12 07:31:24+00:00
–ú–ì–£,,6572.0,0,60.0,2025-03-11 15:31:34+00:00
–ú–ì–£,,7084.0,0,61.0,2025-03-11 15:31:34+00:00
–ú–ì–£,,6744.0,0,60.0,2025-03-11 15:31:34+00:00
–ú–ì–£,,6131.0,0,65.0,2025-03-11 15:31:33+00:00
–ú–ì–£,"–ê–±–∏—Ç—É—Ä–∏–µ–Ω—Ç—ã –≥–µ–æ–ª–æ–≥–∏—á–µ—Å–∫–æ–≥–æ —Ñ–∞–∫—É–ª—å—Ç–µ—Ç–∞, –ø—Ä–∏–µ–º! 
#–ø–æ—Å—Ç—É–ø–∞–π–ø—Ä–∞–≤–∏–ª—å–Ω–æ 
 
–ì–µ–æ–ª–æ–≥–∏—á–µ—Å–∫–∏–π —Ñ–∞–∫—É–ª—å—Ç–µ—Ç –ú–ì–£ ‚Äì –¥–ª—è —Ç–µ—Ö, –∫—Ç–æ –º–µ—á—Ç–∞–µ—Ç –æ—Ç–∫—Ä—ã—Ç—å —Ç–∞–π–Ω—ã –ó–µ–º–ª–∏, —É–∑–Ω–∞—Ç—å –µ–µ –∏—Å—Ç–æ—Ä–∏—é, –∏—Å—Å–ª–µ–¥–æ–≤–∞—Ç—å –±–æ–≥–∞—Ç—Å—Ç–≤–∞ –Ω–µ–¥—Ä –∏ —É—á–∞—Å—Ç–≤–æ–≤–∞—Ç—å –≤ —Ä–µ—à–µ–Ω–∏–∏ –≥–ª–æ–±–∞–ª—å–Ω—ã—Ö —ç–∫–æ–ª–æ–≥–∏—á–µ—Å–∫–∏—Ö –∑–∞–¥–∞—á. –ó–¥–µ—Å—å –∫–∞–∂–¥—ã–π —Å—Ç—É–¥–µ–Ω—Ç —Å–º–æ–∂–µ—Ç —Å—Ç–∞—Ç—å –Ω–∞—Å—Ç–æ—è—â–∏–º –∏—Å—Å–ª–µ–¥–æ–≤–∞—Ç–µ–ª–µ–º: –≤–∞—Å –∂–¥—É—Ç —É–≤–ª–µ–∫–∞—Ç–µ–ª—å–Ω—ã–µ —ç–∫—Å–ø–µ–¥–∏—Ü–∏–∏, —Ä–∞–±–æ—Ç–∞ —Å –Ω–æ–≤–µ–π—à–∏–º–∏ —Ç–µ—Ö–Ω–æ–ª–æ–≥–∏—è–º–∏ –∏ –≤–æ–∑–º–æ–∂–Ω–æ—Å—Ç—å —Ä–∞—Å–∫—Ä—ã—Ç—å —Å–≤–æ–π –Ω–∞—É—á–Ω—ã–π –ø–æ—Ç–µ–Ω—Ü–∏–∞–ª. 
 
–õ–∏—Å—Ç–∞–π—Ç–µ –∫–∞—Ä—Ç–æ—á–∫–∏, —á—Ç–æ–±—ã —É–∑–Ω–∞—Ç—å –≤—Å–µ —Å–∞–º–æ–µ –≤–∞–∂–Ω–æ–µ –æ –ø–æ—Å—Ç—É–ø–ª–µ–Ω–∏–∏!",6045.0,0,60.0,2025-03-11 15:31:33+00:00
–ú–ì–£,"–ü—Ä–∏–Ω—Ü–∏–ø–∏–∞–ª—å–Ω–æ –Ω–æ–≤—É—é —Å–∏—Å—Ç–µ–º—É –º–æ–Ω–∏—Ç–æ—Ä–∏–Ω–≥–∞ –∂–∏–≤—ã—Ö —Å–∏—Å—Ç–µ–º —Ä–∞–∑—Ä–∞–±–æ—Ç–∞–ª–∏ –≤ –ú–ì–£
#–Ω–∞—É–∫–∞_–º–≥—É

–°–æ—Ç—Ä—É–¥–Ω–∏–∫–∏ –ª–∞–±–æ—Ä–∞—Ç–æ—Ä–∏–∏ –∫–≤–∞–Ω—Ç–æ–≤–æ–π —Ñ–æ—Ç–æ–¥–∏–Ω–∞–º–∏–∫–∏ –∫–∞—Ñ–µ–¥—Ä—ã —Ñ–∏–∑–∏—á–µ—Å–∫–æ–π —Ö–∏–º–∏–∏ —Ö–∏–º–∏—á–µ—Å–∫–æ–≥–æ —Ñ–∞–∫—É–ª—å—Ç–µ—Ç–∞ –ú–ì–£ –≤–ø–µ—Ä–≤—ã–µ –ø–æ–∫–∞–∑–∞–ª–∏, —á—Ç–æ —Ñ–ª—É–æ—Ä–µ—Å—Ü–µ–Ω—Ç–Ω—ã–µ –±–µ–ª–∫–∏ –∏–¥–µ–∞–ª—å–Ω–æ –ø–æ–¥—Ö–æ–¥—è—Ç –Ω–∞ —Ä–æ–ª—å –∫–≤–∞–Ω—Ç–æ–≤—ã—Ö –±–∏–æ–º–∞—Ä–∫–µ—Ä–æ–≤. –° –∏—Ö –ø–æ–º–æ—â—å—é –º–æ–∂–Ω–æ —Å–æ–∑–¥–∞—Ç—å –ø—Ä–∏–Ω—Ü–∏–ø–∏–∞–ª—å–Ω–æ –Ω–æ–≤—ã–µ –æ–ø—Ç–∏—á–µ—Å–∫–∏–µ —Ç–µ—Ö–Ω–æ–ª–æ–≥–∏–∏, –ø–æ–∑–≤–æ–ª—è—é—â–∏–µ –≤–∏–∑—É–∞–ª–∏–∑–∏—Ä–æ–≤–∞—Ç—å –∏ –º–æ–Ω–∏—Ç–æ—Ä–∏—Ç—å —Å–æ—Å—Ç–æ—è–Ω–∏–µ –∂–∏–≤—ã—Ö —Å–∏—Å—Ç–µ–º. –†–µ–∑—É–ª—å—Ç–∞—Ç—ã —Ä–∞–±–æ—Ç—ã, –ø–æ–¥–¥–µ—Ä–∂–∞–Ω–Ω–æ–π –≥—Ä–∞–Ω—Ç–æ–º –†–ù–§, –æ–ø—É–±–ª–∏–∫–æ–≤–∞–Ω—ã –≤ –∂—É—Ä–Ω–∞–ª–µ –ê–º–µ—Ä–∏–∫–∞–Ω—Å–∫–æ–≥–æ —Ö–∏–º–∏—á–µ—Å–∫–æ–≥–æ –æ–±—â–µ—Å—Ç–≤–∞ J. Phys. Chem. B.

–î–≤—É—Ö—Ñ–æ—Ç–æ–Ω–Ω–∞—è —Å–ø–µ–∫—Ç—Ä–æ—Å–∫–æ–ø–∏—è —Å –∏—Å–ø–æ–ª—å–∑–æ–≤–∞–Ω–∏–µ–º –∑–∞–ø—É—Ç–∞–Ω–Ω—ã—Ö —Ñ–æ—Ç–æ–Ω–Ω—ã—Ö –ø–∞—Ä –∞–∫—Ç–∏–≤–Ω–æ —Ä–∞–∑–≤–∏–≤–∞–µ—Ç—Å—è –∏ –≤ —Ç–µ–æ—Ä–µ—Ç–∏—á–µ—Å–∫–æ–º, –∏ –≤ —ç–∫—Å–ø–µ—Ä–∏–º–µ–Ω—Ç–∞–ª—å–Ω–æ–º –Ω–∞–ø—Ä–∞–≤–ª–µ–Ω–∏–∏. –ö–≤–∞–Ω—Ç–æ–≤–∞—è –∑–∞–ø—É—Ç–∞–Ω–Ω–æ—Å—Ç—å –æ–ø–∏—Å—ã–≤–∞–µ—Ç –æ—Å–æ–±—É—é –∫–æ—Ä—Ä–µ–ª—è—Ü–∏—é –≤ —Å–∏—Å—Ç–µ–º–∞—Ö –Ω–µ—Å–∫–æ–ª—å–∫–∏—Ö —á–∞—Å—Ç–∏—Ü. –ù–∞ –ø—Ä–∞–∫—Ç–∏–∫–µ —Ç–∞–∫–∞—è –∫–æ—Ä—Ä–µ–ª—è—Ü–∏—è –ø–æ–∑–≤–æ–ª—è–µ—Ç –ø—Ä–æ–≤–æ–¥–∏—Ç—å —Å–ø–µ–∫—Ç—Ä–æ—Å–∫–æ–ø–∏—á–µ—Å–∫–∏–µ –∏–∑–º–µ—Ä–µ–Ω–∏—è —Å –Ω–∞–º–Ω–æ–≥–æ –º–µ–Ω—å—à–∏–º–∏ –∏–Ω—Ç–µ–Ω—Å–∏–≤–Ω–æ—Å—Ç—è–º–∏ –≤–æ–∑–±—É–∂–¥–∞—é—â–µ–≥–æ —Å–≤–µ—Ç–∞, —á–µ–º –≤ –∫–ª–∞—Å—Å–∏—á–µ—Å–∫–∏—Ö —ç–∫—Å–ø–µ—Ä–∏–º–µ–Ω—Ç–∞—Ö, —á—Ç–æ –≤–∞–∂–Ω–æ –ø—Ä–∏ –ø—Ä–æ–≤–µ–¥–µ–Ω–∏–∏ –∏—Å—Å–ª–µ–¥–æ–≤–∞–Ω–∏–π in vivo. –ì–ª–∞–≤–Ω–æ–µ, –ø–æ–Ω–∏–º–∞—Ç—å —Ñ–∏–∑–∏—á–µ—Å–∫–∏–π —Å–º—ã—Å–ª –∏–∑–º–µ–Ω–µ–Ω–∏–π, –ø—Ä–æ–∏—Å—Ö–æ–¥—è—â–∏—Ö –≤ —Å–ª—É—á–∞–µ –ø–æ–≥–ª–æ—â–µ–Ω–∏—è –∑–∞–ø—É—Ç–∞–Ω–Ω—ã—Ö –∏ –∫–ª–∞—Å—Å–∏—á–µ—Å–∫–∏—Ö —Ñ–æ—Ç–æ–Ω–Ω—ã—Ö –ø–∞—Ä —Å –ø–æ–ª—è—Ä–Ω—ã–º–∏ —Ñ–æ—Ç–æ–∞–∫—Ç–∏–≤–Ω—ã–º–∏ –º–æ–ª–µ–∫—É–ª–∞–º–∏. –ö —Ç–∞–∫–∏–º –º–æ–ª–µ–∫—É–ª–∞–º –æ—Ç–Ω–æ—Å—è—Ç—Å—è —Ñ–ª—É–æ—Ä–µ—Å—Ü–µ–Ω—Ç–Ω—ã–µ –±–µ–ª–∫–∏ ‚Äì –≥–µ–Ω–µ—Ç–∏—á–µ—Å–∫–∏ –∫–æ–¥–∏—Ä—É–µ–º—ã–µ –±–∏–æ–º–∞—Ä–∫–µ—Ä—ã, —à–∏—Ä–æ–∫–æ –ø—Ä–∏–º–µ–Ω—è—é—â–∏–µ—Å—è –¥–ª—è –≤–∏–∑—É–∞–ª–∏–∑–∞—Ü–∏–∏ –∏ –º–æ–Ω–∏—Ç–æ—Ä–∏–Ω–≥–∞ —Å–æ—Å—Ç–æ—è–Ω–∏—è –∂–∏–≤—ã—Ö —Å–∏—Å—Ç–µ–º. 

–û–∫–∞–∑–∞–ª–æ—Å—å, —á—Ç–æ –≤–µ—Ä–æ—è—Ç–Ω–æ—Å—Ç—å –ø–æ–≥–ª–æ—â–µ–Ω–∏—è –ø–∞—Ä –∑–∞–ø—É—Ç–∞–Ω–Ω—ã—Ö —Ñ–æ—Ç–æ–Ω–æ–≤ –∑–∞–≤–∏—Å–∏—Ç –∫–∞–∫ –æ—Ç –∫–ª–∞—Å—Å–∏—á–µ—Å–∫–æ–≥–æ –≤–∫–ª–∞–¥–∞, —Ç–∞–∫ –∏ –µ–≥–æ –Ω–µ–∫–ª–∞—Å—Å–∏—á–µ—Å–∫–æ–≥–æ –∞–Ω–∞–ª–æ–≥–∞. –ü—Ä–∏ —ç—Ç–æ–º –Ω–µ–∫–ª–∞—Å—Å–∏—á–µ—Å–∫–∏–π –≤–∫–ª–∞–¥ –æ–∫–∞–∑—ã–≤–∞–µ—Ç—Å—è –Ω–∞ –Ω–µ—Å–∫–æ–ª—å–∫–æ –ø–æ—Ä—è–¥–∫–æ–≤ –±–æ–ª—å—à–µ, —á–µ–º –∫–ª–∞—Å—Å–∏—á–µ—Å–∫–∏–π. 

–ü–æ–¥—Ä–æ–±–Ω–µ–µ ‚Äì –Ω–∞ —Å–∞–π—Ç–µ.",4560.0,0,12.0,2025-03-11 13:32:48+00:00
–ú–ì–£,,,0,,2025-03-11 11:27:20+00:00
–ú–ì–£,"–°—Ç—É–¥–µ–Ω—á–µ—Å–∫–∏–µ –æ—Ç—Ä—è–¥—ã –ú–ì–£
#—Å—Ç—É–¥–∂–∏–∑–Ω—å

–ú–æ–ª–æ–¥–µ–∂–Ω–æ-—Å—Ç—É–¥–µ–Ω—á–µ—Å–∫–∏–µ –æ—Ç—Ä—è–¥—ã –ú–ì–£ ‚Äì —ç—Ç–æ –≤–æ–∑–º–æ–∂–Ω–æ—Å—Ç—å –¥–ª—è —Å—Ç—É–¥–µ–Ω—Ç–æ–≤ –∏–Ω—Ç–µ—Ä–µ—Å–Ω–æ –∏ —Å –ø–æ–ª—å–∑–æ–π –ø—Ä–æ–≤–µ—Å—Ç–∏ —Å—Ç—É–¥–µ–Ω—á–µ—Å–∫–∏–µ –≥–æ–¥—ã, –ø–æ–ª—É—á–∏—Ç—å –ø—Ä–æ—Ñ–µ—Å—Å–∏–æ–Ω–∞–ª—å–Ω—ã–π –æ–ø—ã—Ç –∏ –Ω–∞–π—Ç–∏ –Ω–æ–≤—ã—Ö –¥—Ä—É–∑–µ–π.

–£–∂–µ 21 –≥–æ–¥ –∞–∫—Ç–∏–≤–Ω–æ —Ä–∞–±–æ—Ç–∞—é—Ç 8 –º–æ–ª–æ–¥–µ–∂–Ω—ã—Ö —Å—Ç—É–¥–æ—Ç—Ä—è–¥–æ–≤ –ú–ì–£ —Ä–∞–∑–ª–∏—á–Ω—ã—Ö –Ω–∞–ø—Ä–∞–≤–ª–µ–Ω–∏–π.

–ë—É–¥—É—á–∏ —á–ª–µ–Ω–æ–º —Å—Ç—É–¥–æ—Ç—Ä—è–¥–∞, –≤—ã –º–æ–∂–µ—Ç–µ —Å—Ç–∞—Ç—å –≤–æ–∂–∞—Ç—ã–º –≤ –¥–µ—Ç—Å–∫–∏—Ö –ª–∞–≥–µ—Ä—è—Ö (¬´–û—Ä–ª—ë–Ω–æ–∫¬ª, ¬´–°–∏—Ä–∏—É—Å¬ª –∏ –¥—Ä—É–≥–∏–µ), —É—á–∞—Å—Ç–≤–æ–≤–∞—Ç—å –≤ —Å—Ç—Ä–æ–∏—Ç–µ–ª—å—Å—Ç–≤–µ –∑–Ω–∞–∫–æ–≤—ã—Ö –æ–±—ä–µ–∫—Ç–æ–≤ —Å—Ç—Ä–∞–Ω—ã, —Ç–∞–∫–∏—Ö –∫–∞–∫ –∫–æ—Å–º–æ–¥—Ä–æ–º ¬´–í–æ—Å—Ç–æ—á–Ω—ã–π¬ª –∏ –ö—Ä—ã–º—Å–∫–∏–π –º–æ—Å—Ç, —Ä–∞–±–æ—Ç–∞—Ç—å –≤ —Å—Ñ–µ—Ä–µ IT –∏ –¥–∏–∑–∞–π–Ω–∞. –°—Ç—É–¥–µ–Ω—Ç—ã –∏–∑ –ú–°–û –µ–∂–µ–≥–æ–¥–Ω–æ –ø—Ä–æ—Ö–æ–¥—è—Ç —Å—Ç–∞–∂–∏—Ä–æ–≤–∫–∏ –≤ –∫—Ä—É–ø–Ω–µ–π—à–∏—Ö –∫–æ–º–ø–∞–Ω–∏—è—Ö (Huawei, –†–æ—Å–∞—Ç–æ–º, –ì–∞–∑–ø—Ä–æ–º) –∏ —Ä–∞–∑–≤–∏–≤–∞—é—Ç –ª–∏–¥–µ—Ä—Å–∫–∏–µ –∫–∞—á–µ—Å—Ç–≤–∞.¬†

–ú–°–û –ø—Ä–∏–Ω–∏–º–∞—é—Ç —É—á–∞—Å—Ç–∏–µ –≤ –æ—Ä–≥–∞–Ω–∏–∑–∞—Ü–∏–∏ –º–µ—Ä–æ–ø—Ä–∏—è—Ç–∏–π, –ø–æ–µ–∑–¥–æ–∫ –∏ –≤–æ–ª–æ–Ω—Ç—ë—Ä—Å–∫–∏—Ö –∞–∫—Ü–∏–π, —Å—Ä–µ–¥–∏ –∫–æ—Ç–æ—Ä—ã—Ö —Å—Ç—É–¥–µ–Ω—á–µ—Å–∫–∏–π —Ñ–æ—Ä—É–º ¬´–¢—Ä—É–¥–ö—Ä—É—Ç¬ª, –¢–∞—Ç—å—è–Ω–∏–Ω –¥–µ–Ω—å, –í—Å–µ—Ä–æ—Å—Å–∏–π—Å–∫–∏–π —Ñ–µ—Å—Ç–∏–≤–∞–ª—å –ù–ê–£–ö–ê 0+ –∏ –¥—Ä—É–≥–∏–µ —Å–æ–±—ã—Ç–∏—è –ú–ì–£ –∏ –≤—Å–µ–π –†–æ—Å—Å–∏–∏.¬†

–£—á–∞—Å—Ç–∏–µ –≤ –æ—Ç—Ä—è–¥–∞—Ö –¥–∞–µ—Ç –±–∞–ª–ª—ã –¥–ª—è –ø–æ–≤—ã—à–µ–Ω–Ω–æ–π —Å—Ç–∏–ø–µ–Ω–¥–∏–∏ (–ü–ì–ê–°) –∏ –ø–æ–º–æ–≥–∞–µ—Ç —è—Ä–∫–æ –ø—Ä–æ–∂–∏—Ç—å —Å—Ç—É–¥–µ–Ω—á–µ—Å–∫–∏–µ –≥–æ–¥—ã.

–ß—Ç–æ–±—ã –ø—Ä–∏—Å–æ–µ–¥–∏–Ω–∏—Ç—å—Å—è –∫ –ú–°–û, –∑–∞–ø–æ–ª–Ω–∏—Ç–µ —Ñ–æ—Ä–º—É, –∞ –ø–æ –≤—Å–µ–º –≤–æ–ø—Ä–æ—Å–∞–º –ø–∏—à–∏—Ç–µ –≤ –ª–∏—á–Ω—ã–µ —Å–æ–æ–±—â–µ–Ω–∏—è –≥—Ä—É–ø–ø—ã –í–ö –∏–ª–∏ –∑–∞—Ö–æ–¥–∏—Ç–µ –≤ –≥–æ—Å—Ç–∏ –≤ –∞—É–¥–∏—Ç–æ—Ä–∏—é –î-101 –ì–ª–∞–≤–Ω–æ–≥–æ –∑–¥–∞–Ω–∏—è –ú–ì–£.¬†",4911.0,0,45.0,2025-03-11 10:32:12+00:00
–ú–ì–£,"–°–ø–æ—Ä—Ç–∏–≤–Ω—ã–µ —Ç—Ä–∞–¥–∏—Ü–∏–∏ –ú–ì–£: –°–ø–∞—Ä—Ç–∞–∫–∏–∞–¥–∞ 
#—Å—Ç—É–¥–∂–∏–∑–Ω—å #—Å–ø–æ—Ä—Ç_–º–≥—É 
 
–ü—Ä–æ–¥–æ–ª–∂–∞–µ–º —Ä–∞—Å—Å–∫–∞–∑—ã–≤–∞—Ç—å –æ —Å–ø–æ—Ä—Ç–∏–≤–Ω–æ–π –∂–∏–∑–Ω–∏ –≤ –ú–æ—Å–∫–æ–≤—Å–∫–æ–º —É–Ω–∏–≤–µ—Ä—Å–∏—Ç–µ—Ç–µ. –û–¥–Ω–æ–π –∏–∑ –¥–∞–≤–Ω–æ —Å–ª–æ–∂–∏–≤—à–∏—Ö—Å—è —Å–ø–æ—Ä—Ç–∏–≤–Ω—ã—Ö —Ç—Ä–∞–¥–∏—Ü–∏–π –ú–ì–£ —è–≤–ª—è–µ—Ç—Å—è –°–ø–∞—Ä—Ç–∞–∫–∏–∞–¥–∞. –í 1932 –≥–æ–¥—É –±—ã–ª–∞ –æ—Ç–∫—Ä—ã—Ç–∞ –ø–µ—Ä–≤–∞—è —Ñ–∏–∑–∫—É–ª—å—Ç—É—Ä–Ω–∞—è –∫–æ–Ω—Ñ–µ—Ä–µ–Ω—Ü–∏—è, –Ω–∞ –∫–æ—Ç–æ—Ä–æ–π –±—ã–ª –¥–∞–Ω —Å—Ç–∞—Ä—Ç –ø–µ—Ä–≤–æ–π –æ–±—â–µ—É–Ω–∏–≤–µ—Ä—Å–∏—Ç–µ—Ç—Å–∫–æ–π –°–ø–∞—Ä—Ç–∞–∫–∏–∞–¥–µ –ú–ì–£. 
 
–°–µ–≥–æ–¥–Ω—è –°–ø–∞—Ä—Ç–∞–∫–∏–∞–¥–∞ ‚Äì —ç—Ç–æ –∫—Ä—É–ø–Ω–µ–π—à–µ–µ —Å–ø–æ—Ä—Ç–∏–≤–Ω–æ-–º–∞—Å—Å–æ–≤–æ–µ –º–µ—Ä–æ–ø—Ä–∏—è—Ç–∏–µ —É–Ω–∏–≤–µ—Ä—Å–∏—Ç–µ—Ç–∞, –∫–æ—Ç–æ—Ä–æ–µ –ø—Ä–æ—Ö–æ–¥–∏—Ç –≤ —Ç–µ—á–µ–Ω–∏–µ —É—á–µ–±–Ω–æ–≥–æ –≥–æ–¥–∞ –∏ –≤–∫–ª—é—á–∞–µ—Ç —Å–æ—Ä–µ–≤–Ω–æ–≤–∞–Ω–∏—è –º–µ–∂–¥—É —Ñ–∞–∫—É–ª—å—Ç–µ—Ç–∞–º–∏ –ú–ì–£ –ø–æ –±–æ–ª–µ–µ —á–µ–º 30 –≤–∏–¥–∞–º —Å–ø–æ—Ä—Ç–∞. –ï–µ —É—á–∞—Å—Ç–Ω–∏–∫–∞–º–∏ 
–µ–∂–µ–≥–æ–¥–Ω–æ —Å—Ç–∞–Ω–æ–≤—è—Ç—Å—è –±–æ–ª–µ–µ 7000 —Å—Ç—É–¥–µ–Ω—Ç–æ–≤. 
 
–§–∞–∫—É–ª—å—Ç–µ—Ç—ã-–ø–æ–±–µ–¥–∏—Ç–µ–ª–∏ –æ–ø—Ä–µ–¥–µ–ª—è—é—Ç—Å—è –≤ –∞–±—Å–æ–ª—é—Ç–Ω–æ–º –∑–∞—á–µ—Ç–µ –ø–æ —Ä–µ–∑—É–ª—å—Ç–∞—Ç–∞–º —É—á–∞—Å—Ç–∏—è –≤–æ –≤—Å–µ—Ö —Å–æ—Ä–µ–≤–Ω–æ–≤–∞–Ω–∏—è—Ö. –í 2024 –≥–æ–¥—É –°–ø–∞—Ä—Ç–∞–∫–∏–∞–¥–∞ –ú–ì–£ –ø—Ä–æ—à–ª–∞ –ø–æ 34 —Å–ø–æ—Ä—Ç–∏–≤–Ω—ã–º –¥–∏—Å—Ü–∏–ø–ª–∏–Ω–∞–º. –í –æ–±—â–µ–º –∑–∞—á–µ—Ç–µ –ø–µ—Ä–≤–æ–µ –º–µ—Å—Ç–æ –∑–∞–Ω—è–ª –º–µ—Ö–º–∞—Ç, –≤—Ç–æ—Ä–æ–µ ‚Äì —Ñ–∏–∑—Ñ–∞–∫, –∞ —Ç—Ä–µ—Ç—å–µ ‚Äì —ç–∫–æ–Ω–æ–º—Ñ–∞–∫. 
 
–ê —Å–µ–π—á–∞—Å –ø—Ä–æ—Ö–æ–¥—è—Ç —Å–æ—Ä–µ–≤–Ω–æ–≤–∞–Ω–∏—è –≤ —Ä–∞–º–∫–∞—Ö 84-–æ–π –°–ø–∞—Ä—Ç–∞–∫–∏–∞–¥—ã –ú–ì–£. –°–ª–µ–¥–∏—Ç–µ –∑–∞ –Ω–æ–≤–æ—Å—Ç—è–º–∏ –Ω–∞ –∫–∞–Ω–∞–ª–µ ¬´–°–ø–æ—Ä—Ç –ú–ì–£¬ª!",4905.0,0,7.0,2025-03-11 07:03:38+00:00
–ú–ì–£,"–ú—ã —Å–ø—Ä–æ—Å–∏–ª–∏ –∞–±–∏—Ç—É—Ä–∏–µ–Ω—Ç–æ–≤, –∫–∞–∫–∏–º –æ–Ω–∏ –≤–∏–¥—è—Ç –ú–ì–£ —á–µ—Ä–µ–∑ 270 –ª–µ—Ç. –û—Ç–≤–µ—Ç—ã —Å–º–æ—Ç—Ä–∏—Ç–µ –≤ –∫–ª–∏–ø–µ!",5107.0,0,32.0,2025-03-10 17:11:08+00:00
–ú–ì–£,"–ü–æ—á—Ç–∞ –†–æ—Å—Å–∏–∏ + –ú–ì–£ = —Ä–æ–∑—ã–≥—Ä—ã—à —é–±–∏–ª–µ–π–Ω—ã—Ö –º–∞—Ä–æ–∫ –∏ –Ω–µ —Ç–æ–ª—å–∫–æ!
¬†
ü§ç –í —ç—Ç–æ–º –≥–æ–¥—É –ú–æ—Å–∫–æ–≤—Å–∫–∏–π —É–Ω–∏–≤–µ—Ä—Å–∏—Ç–µ—Ç –ø—Ä–∞–∑–¥–Ω—É–µ—Ç 270-–ª–µ—Ç–∏–µ. –°–ø–µ—Ü–∏–∞–ª—å–Ω–æ –∫ —é–±–∏–ª–µ—é –ü–æ—á—Ç–∞ –†–æ—Å—Å–∏–∏ –≤—ã–ø—É—Å—Ç–∏–ª–∞ –º–∞—Ä–∫–∏ —Å –∏–∑–æ–±—Ä–∞–∂–µ–Ω–∏–µ–º –ì–ª–∞–≤–Ω–æ–≥–æ –∑–¥–∞–Ω–∏—è –ú–ì–£. 
¬†
üíå  –°–æ–≤–º–µ—Å—Ç–Ω–æ —Å –ü–æ—á—Ç–æ–π –†–æ—Å—Å–∏–∏ –ú–ì–£ –¥–∞—Ä–∏—Ç —é–±–∏–ª–µ–π–Ω—ã–µ –ø–æ–¥–∞—Ä–∫–∏, –≤–∫–ª—é—á–∞—è —Ç–µ–º–∞—Ç–∏—á–µ—Å–∫—É—é –º–∞—Ä–∫—É, –∫—Ä—É–∂–∫—É –∏ –±–ª–æ–∫–Ω–æ—Ç.
¬†
–ß—Ç–æ–±—ã –ø–æ–ª—É—á–∏—Ç—å –ø–æ–¥–∞—Ä–æ–∫, –Ω—É–∂–Ω–æ:
1. –ë—ã—Ç—å –ø–æ–¥–ø–∏—Å–∞–Ω–Ω—ã–º –Ω–∞ –∫–∞–Ω–∞–ª—ã –ú–ì–£ –∏–º–µ–Ω–∏ –ú.–í.–õ–æ–º–æ–Ω–æ—Å–æ–≤–∞ –∏ –í–∞–º –ø–æ—á—Ç–∞;
2. –ü–æ—Å—Ç–∞–≤–∏—Ç—å —Ä–µ–∞–∫—Ü–∏–∏ –Ω–∞ –ø–æ—Å–ª–µ–¥–Ω–∏–µ 10 –ø–æ—Å—Ç–æ–≤;
3. –ù–∞–∂–∞—Ç—å –∫–Ω–æ–ø–∫—É ¬´–£–ß–ê–°–¢–í–£–Æ¬ª –ø–æ–¥ —ç—Ç–∏–º –ø–æ—Å—Ç–æ–º.
¬†
–ò—Ç–æ–≥–∏ –ø–æ–¥–≤–µ–¥—ë–º 20 –º–∞—Ä—Ç–∞. 10 –ø–æ–±–µ–¥–∏—Ç–µ–ª–µ–π –æ–ø—Ä–µ–¥–µ–ª–∏–º —Å–ª—É—á–∞–π–Ω—ã–º –æ–±—Ä–∞–∑–æ–º —Å –ø–æ–º–æ—â—å—é –±–æ—Ç–∞. –ñ–µ–ª–∞–µ–º —É–¥–∞—á–∏! üçÄ

–£—á–∞—Å—Ç–Ω–∏–∫–æ–≤: 521
–ü—Ä–∏–∑–æ–≤—ã—Ö –º–µ—Å—Ç: 10
–î–∞—Ç–∞ —Ä–æ–∑—ã–≥—Ä—ã—à–∞: 17:30, 20.03.2025 MSK (–∑–∞–≤–µ—Ä—à—ë–Ω)

–ü–æ–±–µ–¥–∏—Ç–µ–ª–∏ —Ä–æ–∑—ã–≥—Ä—ã—à–∞:
1. ·ï¶ Godslave ·ï§  - 2m7khg
2. –ó–∞—è–¥–ª—ã–π –≠–ª–µ–∫—Ç—Ä–æ–≥–∏—Ç–∞—Ä–∏—Å—Ç - 2mt3mt
3. –î–∞—è–Ω–∞  - 2mcin6
4. Ambasador  - 2lfsvv
5. Barc  - 2lgi1e
6. Marina  - 2lge0b
7. –ú–∞—à–∞ –ù–∞–≥–∏–Ω–∞ - 2lh7vl
8. –ú–∞—Ä–∏—è –†–∞–∑–≥—É–ª–∏–Ω–∞ - 2lftb6
9. Victoria  - 2lg0pq
10. Dmitry Korsakov - 2mdtua


–ü–æ–∑–¥—Ä–∞–≤–ª—è–µ–º! –ß—Ç–æ–±—ã –ø–æ–ª—É—á–∏—Ç—å –ø—Ä–∏–∑, –Ω–∞–ø–∏—à–∏—Ç–µ –≤ –ª–∏—á–Ω—ã–µ —Å–æ–æ–±—â–µ–Ω–∏—è @pochta_admin –≤–∞—à–∏ –¥–∞–Ω–Ω—ã–µ: –§–ò–û, —Ç–µ–ª–µ—Ñ–æ–Ω, –≥–æ—Ä–æ–¥ –ø—Ä–æ–∂–∏–≤–∞–Ω–∏—è.",5420.0,0,57.0,2025-03-10 14:15:13+00:00
–ú–ì–£,,4529.0,0,11.0,2025-03-10 13:31:03+00:00
–ú–ì–£,,4654.0,0,11.0,2025-03-10 13:31:03+00:00
–ú–ì–£,,4731.0,0,11.0,2025-03-10 13:31:03+00:00
–ú–ì–£,,4348.0,0,11.0,2025-03-10 13:31:03+00:00
–ú–ì–£,,4327.0,0,11.0,2025-03-10 13:31:03+00:00
–ú–ì–£,"–ù–æ–µ–≤ –∫–æ–≤—á–µ–≥¬†
#–æ—Ç–º–µ—á–∞–µ–º_–º–≥—É

–°–µ–≥–æ–¥–Ω—è, 10 –º–∞—Ä—Ç–∞, –≤–æ –≤—Å–µ–º –º–∏—Ä–µ –æ—Ç–º–µ—á–∞–µ—Ç—Å—è –î–µ–Ω—å –∞—Ä—Ö–∏–≤–æ–≤. –í —á–µ—Å—Ç—å —ç—Ç–æ–≥–æ –º—ã —Ö–æ—Ç–∏–º —Ä–∞—Å—Å–∫–∞–∑–∞—Ç—å –≤–∞–º –æ —Å–∞–º–æ–º –≥–ª–∞–≤–Ω–æ–º –∞—Ä—Ö–∏–≤–µ –ú–ì–£ ‚Äì –ø—Ä–æ–µ–∫—Ç–µ ¬´–ù–æ–µ–≤ –∫–æ–≤—á–µ–≥¬ª.

–ß–∏—Ç–∞–π—Ç–µ –≤ –∫–∞—Ä—Ç–æ—á–∫–∞—Ö!¬†

–ê –µ—Å–ª–∏ –í—ã —Ö–æ—Ç–∏—Ç–µ –ø–æ—Å–º–æ—Ç—Ä–µ—Ç—å –Ω–∞ –ø—Ä–æ–µ–∫—Ç, —Ç–æ –∑–∞—Ö–æ–¥–∏—Ç–µ –ø–æ —Å—Å—ã–ª–∫–µ.",4203.0,0,11.0,2025-03-10 13:31:03+00:00
–ú–ì–£,,4837.0,0,21.0,2025-03-10 12:05:06+00:00
–ú–ì–£,,5129.0,0,21.0,2025-03-10 12:05:06+00:00
–ú–ì–£,,5269.0,0,21.0,2025-03-10 12:05:06+00:00
–ú–ì–£,,4528.0,0,21.0,2025-03-10 12:05:06+00:00
–ú–ì–£,,4542.0,0,21.0,2025-03-10 12:05:06+00:00
–ú–ì–£,,4309.0,0,21.0,2025-03-10 12:05:06+00:00
–ú–ì–£,,4358.0,0,22.0,2025-03-10 12:05:06+00:00
–ú–ì–£,"–ö–∞—Ä—Ç—ã –Ω–∞ —Å—Ç–æ–ª!
#–æ—Ç–º–µ—á–∞–µ–º_–º–≥—É

–ë–µ–∑ –∫–∞—Ä—Ç –º—ã –µ–¥–≤–∞ –º–æ–∂–µ–º –ø—Ä–µ–¥—Å—Ç–∞–≤–∏—Ç—å —Å–≤–æ—é –ø–æ–≤—Å–µ–¥–Ω–µ–≤–Ω—É—é –∂–∏–∑–Ω—å. –û—Ä–∏–µ–Ω—Ç–∏—Ä–æ–≤–∞—Ç—å—Å—è –≤ –ø—Ä–æ—Å—Ç—Ä–∞–Ω—Å—Ç–≤–µ –Ω–∞–º –ø–æ–º–æ–≥–∞—é—Ç –∏–º–µ–Ω–Ω–æ —ç—Ç–∏ –≥—Ä–∞—Ñ–∏—á–µ—Å–∫–∏–µ –∏–∑–æ–±—Ä–∞–∂–µ–Ω–∏—è. –û—Ç –Ω–∞–≤–∏–≥–∞—Ü–∏–∏ –ø–æ –≥–æ—Ä–æ–¥—Å–∫–∏–º —É–ª–∏—Ü–∞–º –¥–æ –∏–∑—É—á–µ–Ω–∏—è –≥–µ–æ–≥—Ä–∞—Ñ–∏–∏ –º–∏—Ä–∞ ‚Äì –∫–∞—Ä—Ç—ã –∏–≥—Ä–∞—é—Ç —Ä–µ—à–∞—é—â—É—é —Ä–æ–ª—å –≤ –Ω–∞—à–µ–º –≤–∏–¥–µ–Ω–∏–∏ –º–∏—Ä–∞.

–û –∫–∞—Ä—Ç–æ–≥—Ä–∞—Ñ–∏–∏, –µ–µ –ø—Ä–æ—à–ª–æ–º –∏ –±—É–¥—É—â–µ–º –º—ã –ø–æ–≥–æ–≤–æ—Ä–∏–ª–∏ —Å –ø—Ä–æ—Ñ–µ—Å—Å–æ—Ä–æ–º –∫–∞—Ñ–µ–¥—Ä—ã –∫–∞—Ä—Ç–æ–≥—Ä–∞—Ñ–∏–∏ –∏ –≥–µ–æ–∏–Ω—Ñ–æ—Ä–º–∞—Ç–∏–∫–∏ –≥–µ–æ–≥—Ä–∞—Ñ–∏—á–µ—Å–∫–æ–≥–æ —Ñ–∞–∫—É–ª—å—Ç–µ—Ç–∞ –ú–∞–∫—Å–∏–º–æ–º –ù—ã—Ä—Ü–æ–≤—ã–º. –ß–∏—Ç–∞–π—Ç–µ –∫–∞—Ä—Ç–æ—á–∫–∏!",4339.0,0,22.0,2025-03-10 12:05:06+00:00
–ú–ì–£,"–ê–Ω—Ç—Ä–æ–ø–æ–ª–æ–≥–∏ –ú–ì–£ –Ω–∞—à–ª–∏ –≤ –°—É–¥–∞–Ω–µ –¥—Ä–µ–≤–Ω–∏–µ –∫—É–ª—å—Ç–æ–≤—ã–µ –ø–æ–≥—Ä–µ–±–µ–Ω–∏—è –∫—Ä—É–ø–Ω–æ–≥–æ –∏ –º–µ–ª–∫–æ–≥–æ —Ä–æ–≥–∞—Ç–æ–≥–æ —Å–∫–æ—Ç–∞
#–Ω–∞—É–∫–∞_–º–≥—É

–° –∫–æ–Ω—Ü–∞ —è–Ω–≤–∞—Ä—è –ø–æ –Ω–∞—á–∞–ª–æ –º–∞—Ä—Ç–∞ –≤ –†–µ—Å–ø—É–±–ª–∏–∫–µ –°—É–¥–∞–Ω —Ä–∞–±–æ—Ç–∞–ª–∞ –ù—É–±–∏–π—Å–∫–∞—è –∞—Ä—Ö–µ–æ–ª–æ–≥–æ-–∞–Ω—Ç—Ä–æ–ø–æ–ª–æ–≥–∏—á–µ—Å–∫–∞—è —ç–∫—Å–ø–µ–¥–∏—Ü–∏—è –ù–ò–ò –∏ –ú—É–∑–µ—è –∞–Ω—Ç—Ä–æ–ø–æ–ª–æ–≥–∏–∏ –ú–ì–£. –≠—Ç–æ –±—ã–ª —É–∂–µ —à–µ—Å—Ç–æ–π —Å–µ–∑–æ–Ω –ø–æ–ª–µ–≤—ã—Ö –∏—Å—Å–ª–µ–¥–æ–≤–∞–Ω–∏–π. –†–∞–±–æ—Ç—ã –≤–µ–ª–∏—Å—å –≤ –∫–æ—Ç–ª–æ–≤–∏–Ω–µ –û–Ω–∏–± (–°–µ–≤–µ—Ä–Ω—ã–π –°—É–¥–∞–Ω). –ó–¥–µ—Å—å –±—ã–ª–∏ –Ω–∞–π–¥–µ–Ω—ã –∏ —Ä–∞—Å–∫–æ–ø–∞–Ω—ã —ç–ª–∏—Ç–Ω—ã–µ –ø–æ–≥—Ä–µ–±–µ–Ω–∏—è –∫–æ—á–µ–≤–æ–≥–æ –Ω–∞—Å–µ–ª–µ–Ω–∏—è –ù—É–±–∏–π—Å–∫–æ–π –ø—É—Å—Ç—ã–Ω–∏ —Ä–∞–∑–ª–∏—á–Ω—ã—Ö —ç–ø–æ—Ö. –°–µ–Ω—Å–∞—Ü–∏–æ–Ω–Ω—ã–º –æ—Ç–∫—Ä—ã—Ç–∏–µ–º —Å—Ç–∞–ª–æ –æ–±–Ω–∞—Ä—É–∂–µ–Ω–∏–µ –∫—É–ª—å—Ç–æ–≤—ã—Ö –ø–æ–≥—Ä–µ–±–µ–Ω–∏–π –∫—Ä—É–ø–Ω–æ–≥–æ –∏ –º–µ–ª–∫–æ–≥–æ —Ä–æ–≥–∞—Ç–æ–≥–æ —Å–∫–æ—Ç–∞, –æ—Ç–Ω–æ—Å—è—â–∏—Ö—Å—è, –ø–æ –ø—Ä–µ–¥–≤–∞—Ä–∏—Ç–µ–ª—å–Ω—ã–º –æ—Ü–µ–Ω–∫–∞–º, –∫ 5-4 —Ç—ã—Å. –¥–æ –Ω.—ç. –≠—Ç–∏ –ø–æ–≥—Ä–µ–±–µ–Ω–∏—è –¥–∞–¥—É—Ç —É—á–µ–Ω—ã–º –Ω–æ–≤—ã–µ –¥–∞–Ω–Ω—ã–µ –æ–± –∏–∑–º–µ–Ω–µ–Ω–∏–∏ –∫–ª–∏–º–∞—Ç–∞ –≤ —Å–µ–≤–µ—Ä–æ-–≤–æ—Å—Ç–æ—á–Ω–æ–π –ê—Ñ—Ä–∏–∫–µ –≤ —Ä–∞–Ω–Ω–µ–º –∏ —Å—Ä–µ–¥–Ω–µ–º –≥–æ–ª–æ—Ü–µ–Ω–µ, –∫—É–ª—å—Ç–æ–≤—ã—Ö –ø—Ä–µ–¥—Å—Ç–∞–≤–ª–µ–Ω–∏—è—Ö –∫–æ—á–µ–≤–Ω–∏–∫–æ–≤ –ù—É–±–∏–π—Å–∫–æ–π –ø—É—Å—Ç—ã–Ω–∏.
 
–í—Å–µ –Ω–∞–π–¥–µ–Ω–Ω—ã–µ –∫–æ—Å—Ç–∏ –∂–∏–≤–æ—Ç–Ω—ã—Ö –ø–æ—Å–ª–µ –∑–∞–∫—Ä–µ–ø–ª–µ–Ω–∏—è —Å–ø–µ—Ü–∏–∞–ª—å–Ω—ã–º —Å–æ—Å—Ç–∞–≤–æ–º –±—ã–ª–∏ –≤—ã–Ω—É—Ç—ã –∏–∑ –º–æ–≥–∏–ª –∏ –ø–æ —Ä–∞–∑—Ä–µ—à–µ–Ω–∏—é —Å—É–¥–∞–Ω—Å–∫–æ–π —Å—Ç–æ—Ä–æ–Ω—ã –ø—Ä–∏–≤–µ–∑–µ–Ω—ã –≤ –ú–æ—Å–∫–≤—É, –≥–¥–µ —Å–ø–µ—Ü–∏–∞–ª–∏—Å—Ç—ã –ú–ì–£ —Å–æ–≤–º–µ—Å—Ç–Ω–æ —Å –∏—Å—Å–ª–µ–¥–æ–≤–∞—Ç–µ–ª—è–º–∏ –∏–∑ –ò–Ω—Å—Ç–∏—Ç—É—Ç–∞ –ø—Ä–æ–±–ª–µ–º —ç–∫–æ–ª–æ–≥–∏–∏ –∏ —ç–≤–æ–ª—é—Ü–∏–∏ –∏–º. –ê.–ù. –°–µ–≤–µ—Ä—Ü–æ–≤–∞ –†–ê–ù –±—É–¥—É—Ç –∑–∞–Ω–∏–º–∞—Ç—å—Å—è –∏—Ö –∏–∑—É—á–µ–Ω–∏–µ–º. –¢–∞–∫–∂–µ –≤ –†–æ—Å—Å–∏—é –±—ã–ª–∏ –æ—Ç–ø—Ä–∞–≤–ª–µ–Ω—ã –æ–±—Ä–∞–∑—Ü—ã –ø–æ—á–≤—ã –∏–∑ –º–æ–≥–∏–ª –¥–ª—è –ø—Ä–æ–≤–µ–¥–µ–Ω–∏—è –ø–∞–ª–µ–æ–ø–∞—Ä–∞–∑–∏—Ç–æ–ª–æ–≥–∏—á–µ—Å–∫–æ–≥–æ –∏ –ø–∞–ª–∏–Ω–æ–ª–æ–≥–∏—á–µ—Å–∫–æ–≥–æ –∞–Ω–∞–ª–∏–∑–æ–≤. –ê —Ç–∞–∫–∂–µ —É–≥–ª–∏, –≤–∑—è—Ç—ã–µ –∏–∑ –º–æ–≥–∏–ª, –¥–ª—è –æ—Å—É—â–µ—Å—Ç–≤–ª–µ–Ω–∏—è –∏—Ö —Ä–∞–¥–∏–æ—É–≥–ª–µ—Ä–æ–¥–Ω–æ–≥–æ –¥–∞—Ç–∏—Ä–æ–≤–∞–Ω–∏—è. 

–ü–æ–ª—É—á–µ–Ω–Ω—ã–µ –¥–∞–Ω–Ω—ã–µ —Å–º–æ–≥—É—Ç –æ–∂–∏–≤–∏—Ç—å –¥–∞–≤–Ω—é—é –¥–∏—Å–∫—É—Å—Å–∏—é –ø–æ –≤–æ–ø—Ä–æ—Å—É –æ —Ç–æ–º, –±—ã–ª–∞ –ª–∏ –ê—Ñ—Ä–∏–∫–∞ –µ—â–µ –æ–¥–Ω–∏–º —Ü–µ–Ω—Ç—Ä–æ–º, –≥–¥–µ –Ω–∞—Ä—è–¥—É —Å –ë–ª–∏–∂–Ω–∏–º –í–æ—Å—Ç–æ–∫–æ–º –ø—Ä–æ–∏–∑–æ—à–ª–∞ –¥–æ–º–µ—Å—Ç–∏–∫–∞—Ü–∏—è –∫—Ä—É–ø–Ω–æ–≥–æ —Ä–æ–≥–∞—Ç–æ–≥–æ —Å–∫–æ—Ç–∞. –ü–æ–ª—É—á–µ–Ω–Ω—ã–µ –ø–æ–∑–≤–æ–ª—è—Ç —Å—É–¥–∏—Ç—å –æ–± –∏–∑–º–µ–Ω–µ–Ω–∏–∏ –∫–ª–∏–º–∞—Ç–∞ –≤ —Å–µ–≤–µ—Ä–æ-–≤–æ—Å—Ç–æ—á–Ω–æ–π –ê—Ñ—Ä–∏–∫–µ –≤ —Ä–∞–Ω–Ω–µ–º –∏ —Å—Ä–µ–¥–Ω–µ–º –≥–æ–ª–æ—Ü–µ–Ω–µ, –∞ —Ç–∞–∫–∂–µ –æ –∫—É–ª—å—Ç–æ–≤—ã—Ö –ø—Ä–µ–¥—Å—Ç–∞–≤–ª–µ–Ω–∏—è—Ö –∫–æ—á–µ–≤–Ω–∏–∫–æ–≤ –ù—É–±–∏–π—Å–∫–æ–π –ø—É—Å—Ç—ã–Ω–∏; –æ–± –∏—Ö —Ç–æ—Ä–≥–æ–≤—ã—Ö –∏ –∫—É–ª—å—Ç—É—Ä–Ω—ã—Ö —Å–≤—è–∑—è—Ö —Å –Ω–∞—Å–µ–ª–µ–Ω–∏–µ–º –¥–æ–ª–∏–Ω—ã –ù–∏–ª–∞, –≥–¥–µ –Ω–∞ —Ä—É–±–µ–∂–µ 4-3 —Ç—ã—Å –¥–æ –Ω.—ç. –∞–∫—Ç–∏–≤–Ω–æ —à–µ–ª –ø—Ä–æ—Ü–µ—Å—Å –æ–±—Ä–∞–∑–æ–≤–∞–Ω–∏—è –≥–æ—Å—É–¥–∞—Ä—Å—Ç–≤–∞.  

–ë—ã–ª–∏ –ø—Ä–æ–¥–æ–ª–∂–µ–Ω—ã —ç—Ç–Ω–æ–≥—Ä–∞—Ñ–∏—á–µ—Å–∫–∏–µ –∏—Å—Å–ª–µ–¥–æ–≤–∞–Ω–∏—è —Å—Ä–µ–¥–∏ –±–µ–¥–∂–∞ –±–∏—à–∞—Ä–∏–∏–Ω, –∫–æ—Ç–æ—Ä—ã–µ —Å 2018 –≥. –ø—Ä–æ–≤–æ–¥—è—Ç —Å–ø–µ—Ü–∏–∞–ª–∏—Å—Ç—ã –∫–∞—Ñ–µ–¥—Ä—ã —ç—Ç–Ω–æ–ª–æ–≥–∏–∏ –∏—Å—Ç–æ—Ä–∏—á–µ—Å–∫–æ–≥–æ —Ñ–∞–∫—É–ª—å—Ç–µ—Ç–∞ –ú–ì–£. –í —à–µ—Å—Ç–æ–º —Å–µ–∑–æ–Ω–µ –±—ã–ª–æ –ø—Ä–æ–≤–µ–¥–µ–Ω–æ –∞–Ω–∫–µ—Ç–∏—Ä–æ–≤–∞–Ω–∏–µ –∂–∏—Ç–µ–ª–µ–π –¥–µ—Ä–µ–≤–µ–Ω—å –û–Ω–∏–±–∞ –Ω–∞ —Ç–µ–º—É –∏—Ö –ø–æ–≥—Ä–µ–±–∞–ª—å–Ω—ã—Ö –æ–±—ã—á–∞–µ–≤, –±—Ä–∞—á–Ω—ã—Ö –æ–±—ã—á–∞–µ–≤, –∫–æ—Ñ–µ–π–Ω—ã—Ö —Ü–µ—Ä–µ–º–æ–Ω–∏–π, –∞ —Ç–∞–∫–∂–µ –ø–ª–∞–Ω–∏–≥—Ä–∞—Ñ–∏–∏ –¥–µ—Ä–µ–≤–µ–Ω—å –±–µ–¥–∂–∞. 

–ü–æ–¥—Ä–æ–±–Ω–µ–µ ‚Äì –Ω–∞ —Å–∞–π—Ç–µ.",4482.0,0,9.0,2025-03-10 09:23:53+00:00
–ú–ì–£,"–£–≥–∞–¥–∞–µ—Ç–µ, –≥–¥–µ –≤ –ú–ì–£ —Å–¥–µ–ª–∞–Ω–æ —ç—Ç–æ —Ñ–æ—Ç–æ?
#—É–≥–∞–¥–∞–π–≥–¥–µ_–º–≥—É

–°–≤–æ–∏ –≤–∞—Ä–∏–∞–Ω—Ç—ã –ø–∏—à–∏—Ç–µ –≤ –∫–æ–º–º–µ–Ω—Ç–∞—Ä–∏–∏ –í–ö–æ–Ω—Ç–∞–∫—Ç–µ!",4198.0,0,2.0,2025-03-10 07:02:01+00:00
